country	total	00:00	01:00	02:00	03:00	04:00	05:00	06:00	07:00	08:00	09:00	10:00	11:00	12:00	13:00	14:00	15:00	16:00	17:00	18:00	19:00	20:00	21:00	22:00	23:00
Afghanistan	11516	0.03734	0.03413	0.04542	0.06035	0.03465	0.02648	0.03282	0.03499	0.03673	0.05028	0.05636	0.05714	0.06747	0.0468	0.05688	0.04463	0.04185	0.04185	0.02831	0.03638	0.03022	0.02049	0.04368	0.03473
Albania	91007	0.04789	0.04334	0.04159	0.04204	0.02613	0.01935	0.01903	0.02092	0.02395	0.03498	0.0405	0.04613	0.05016	0.05258	0.05489	0.04938	0.04897	0.05089	0.04464	0.04739	0.04772	0.04719	0.05086	0.04947
Algeria	1909077	0.03185	0.01696	0.00904	0.00571	0.00492	0.00579	0.00821	0.01407	0.02506	0.04135	0.0579	0.06624	0.05349	0.05145	0.0629	0.06167	0.05159	0.0551	0.06375	0.0644	0.06114	0.06712	0.06727	0.05304
American Samoa	155	0.0	0.0	0.0	0.0	0.00645	0.0	0.0	0.00645	0.10968	0.08387	0.12258	0.07742	0.05806	0.13548	0.07742	0.05161	0.05806	0.02581	0.0	0.09677	0.0129	0.01935	0.05161	0.00645
Andorra	2868	0.03033	0.02545	0.00105	0.00209	0.00139	0.0	0.00279	0.01185	0.07252	0.04637	0.05439	0.06764	0.06241	0.0537	0.04045	0.04707	0.06764	0.07078	0.04742	0.06206	0.06555	0.05753	0.05195	0.05753
Angola	3534	0.04075	0.03084	0.02688	0.01217	0.0034	0.01585	0.01245	0.0249	0.0249	0.04471	0.04499	0.04499	0.0515	0.06423	0.05546	0.05433	0.04527	0.04895	0.05405	0.04782	0.05801	0.0631	0.06621	0.06423
Anguilla	4	0.25	0.0	0.0	0.0	0.0	0.0	0.0	0.0	0.0	0.0	0.0	0.0	0.0	0.0	0.0	0.0	0.0	0.25	0.0	0.0	0.25	0.0	0.0	0.25
Antigua and Barbuda	712	0.0014	0.00421	0.0014	0.0	0.00281	0.0014	0.01685	0.04354	0.11938	0.0927	0.07725	0.08848	0.05056	0.08708	0.07725	0.0618	0.04494	0.04073	0.02107	0.04354	0.06882	0.04635	0.00562	0.00281
Argentina	1942543	0.02529	0.0143	0.00761	0.00418	0.00297	0.00313	0.00525	0.01112	0.02565	0.04849	0.06843	0.082	0.07319	0.0556	0.06599	0.07709	0.07334	0.06408	0.05883	0.0589	0.05442	0.0438	0.03965	0.03669
Armenia	73568	0.04756	0.03213	0.01858	0.01087	0.00749	0.00632	0.00451	0.00695	0.01077	0.0327	0.04783	0.06153	0.06745	0.0636	0.06877	0.07975	0.07253	0.0581	0.04673	0.0442	0.04502	0.05148	0.05788	0.05724
Aruba	608	0.01645	0.00164	0.00329	0.0	0.00493	0.00658	0.00329	0.00658	0.03125	0.0477	0.08388	0.08553	0.06414	0.0625	0.09868	0.08882	0.07237	0.03289	0.04276	0.04605	0.02961	0.04934	0.06908	0.05263
Australia	681829	0.02857	0.02251	0.01784	0.01654	0.01478	0.0152	0.01716	0.01763	0.02723	0.04532	0.05926	0.06639	0.06035	0.05995	0.06657	0.06964	0.06507	0.05459	0.04578	0.04364	0.04801	0.05069	0.04839	0.0389
Austria	610835	0.01559	0.01023	0.00677	0.00537	0.00459	0.00486	0.00738	0.01415	0.03093	0.05738	0.07721	0.08391	0.06935	0.07598	0.08172	0.08007	0.07499	0.06109	0.05024	0.04346	0.04175	0.04058	0.03612	0.0263
Azerbaijan	38911	0.04022	0.02698	0.01552	0.01347	0.00943	0.0054	0.00722	0.00917	0.01688	0.0394	0.06186	0.07216	0.06749	0.06219	0.07602	0.06769	0.06368	0.05137	0.04603	0.03919	0.0487	0.04934	0.05901	0.05155
Bahrain	9040	0.02644	0.01571	0.01416	0.00708	0.00697	0.00686	0.00675	0.01892	0.0333	0.05686	0.05741	0.0656	0.07024	0.06449	0.06692	0.06361	0.06283	0.05852	0.05808	0.05343	0.05431	0.04823	0.04071	0.04259
Bangladesh	462972	0.05604	0.04218	0.02771	0.01503	0.00975	0.00891	0.01019	0.01415	0.02137	0.03578	0.05169	0.0657	0.07017	0.0572	0.05079	0.05434	0.04937	0.04021	0.03859	0.04576	0.05396	0.05763	0.05927	0.06423
Barbados	6210	0.04734	0.02544	0.02287	0.01465	0.00564	0.01031	0.02625	0.01498	0.02174	0.0475	0.05652	0.04702	0.05121	0.06119	0.04396	0.0438	0.06699	0.05652	0.0715	0.04863	0.06699	0.0649	0.04316	0.0409
Belarus	252446	0.02936	0.01956	0.01274	0.00703	0.0062	0.00659	0.0084	0.01156	0.02328	0.047	0.06418	0.07227	0.07236	0.07159	0.07559	0.07616	0.06637	0.05437	0.04574	0.04294	0.04512	0.04925	0.04972	0.04264
Belgium	933729	0.01606	0.00864	0.00479	0.00301	0.00235	0.00206	0.00333	0.00692	0.02198	0.05553	0.07904	0.09311	0.06357	0.0692	0.09004	0.09489	0.09096	0.0701	0.04933	0.03707	0.03612	0.03892	0.036	0.02698
Belize	1253	0.0423	0.04948	0.01995	0.01357	0.02474	0.03033	0.02713	0.02314	0.05267	0.05666	0.05666	0.05906	0.03591	0.04948	0.06624	0.04948	0.04709	0.06305	0.02713	0.02953	0.0423	0.03192	0.0415	0.06065
Benin	26854	0.01717	0.01612	0.01199	0.00741	0.00756	0.01032	0.0127	0.01728	0.02402	0.04264	0.06252	0.07068	0.0671	0.06498	0.0664	0.06852	0.07165	0.07582	0.07649	0.05768	0.04517	0.04093	0.03441	0.03046
Bermuda	228	0.04386	0.00877	0.0	0.00439	0.0	0.00439	0.00439	0.0	0.02193	0.03947	0.14912	0.08333	0.13158	0.05702	0.10526	0.05702	0.05702	0.05702	0.03509	0.07456	0.0307	0.00877	0.01316	0.01316
Bhutan	10786	0.02105	0.00732	0.00445	0.00269	0.0038	0.00223	0.0166	0.02346	0.02642	0.05257	0.08224	0.08168	0.07955	0.06156	0.08307	0.07334	0.07213	0.06323	0.0471	0.0369	0.03857	0.04135	0.04033	0.03838
Bolivia	124991	0.03575	0.0208	0.00965	0.00675	0.00885	0.01238	0.01467	0.01669	0.02858	0.04111	0.04953	0.06214	0.05512	0.04606	0.05133	0.06041	0.0618	0.06395	0.05766	0.05665	0.05829	0.06412	0.06352	0.05419
Bosnia and Herzegovina	104640	0.033	0.01844	0.01015	0.00549	0.00443	0.00431	0.00583	0.01033	0.02957	0.04917	0.06116	0.07428	0.07058	0.07638	0.07597	0.06766	0.05786	0.04877	0.04886	0.0503	0.0486	0.05127	0.05218	0.04542
Botswana	8512	0.01833	0.01198	0.00952	0.00775	0.00587	0.00634	0.0101	0.01574	0.0457	0.05463	0.07296	0.07437	0.07895	0.06555	0.08893	0.09551	0.07989	0.05298	0.0309	0.03125	0.02984	0.03736	0.04488	0.03066
Brazil	9245157	0.02966	0.01707	0.00971	0.00586	0.00412	0.00379	0.00521	0.01077	0.0262	0.04791	0.06654	0.0681	0.04818	0.05048	0.06699	0.07574	0.0741	0.06415	0.05516	0.05315	0.05549	0.05914	0.05689	0.04559
British Virgin Islands	6339	0.03991	0.05947	0.07951	0.059	0.06026	0.05364	0.0437	0.05269	0.05301	0.06042	0.05269	0.06168	0.05269	0.03439	0.02666	0.02477	0.02445	0.02003	0.01846	0.0101	0.01372	0.02366	0.03565	0.03944
Brunei	25796	0.029	0.01741	0.00861	0.00512	0.00492	0.00698	0.01229	0.01686	0.03795	0.06106	0.08036	0.07982	0.04966	0.05606	0.07055	0.07683	0.06458	0.04834	0.03628	0.03644	0.04791	0.05625	0.05152	0.0452
Bulgaria	288897	0.0319	0.02126	0.0177	0.01729	0.01534	0.01793	0.0178	0.02356	0.03071	0.04448	0.05717	0.06706	0.06166	0.06159	0.06491	0.06646	0.06194	0.05609	0.04915	0.04554	0.04279	0.04658	0.04287	0.03824
Burkina Faso	39746	0.03049	0.01658	0.01034	0.00644	0.00881	0.00742	0.01419	0.01877	0.03331	0.0554	0.07017	0.07613	0.07143	0.06003	0.06612	0.07372	0.07563	0.07394	0.05394	0.03902	0.03442	0.03495	0.03459	0.03414
Burundi	1427	0.01191	0.00771	0.00771	0.01331	0.00631	0.00561	0.00491	0.03224	0.05606	0.089	0.07078	0.11002	0.07989	0.04275	0.06307	0.07218	0.10161	0.07288	0.04555	0.02313	0.02383	0.01752	0.02032	0.02172
Cambodia	61519	0.0203	0.01113	0.00577	0.01094	0.00907	0.01447	0.01575	0.02422	0.04386	0.0599	0.0808	0.07656	0.05332	0.07186	0.07001	0.07765	0.07572	0.05221	0.03917	0.02889	0.03575	0.04012	0.04547	0.03706
Cameroon	136724	0.02281	0.01622	0.01393	0.01286	0.01666	0.02527	0.02032	0.02785	0.03667	0.04683	0.06093	0.07119	0.06921	0.06964	0.06758	0.06518	0.06133	0.05733	0.04475	0.03806	0.03525	0.03958	0.04309	0.03746
Canada	3252264	0.04086	0.04068	0.04076	0.04011	0.0371	0.03658	0.03699	0.03856	0.04105	0.04599	0.05082	0.05341	0.04883	0.04994	0.05117	0.05015	0.04752	0.0358	0.03239	0.03251	0.03457	0.03687	0.03889	0.03845
Cape Verde	914	0.00985	0.01422	0.00328	0.00219	0.0	0.00109	0.01422	0.00328	0.02079	0.02954	0.07002	0.06346	0.05361	0.04595	0.07549	0.08315	0.12144	0.08753	0.07768	0.04705	0.05689	0.04158	0.05689	0.02079
Caribbean Netherlands	164	0.02439	0.04268	0.0	0.0	0.0	0.0	0.0122	0.0122	0.03049	0.08537	0.10366	0.06098	0.04878	0.07317	0.09146	0.08537	0.06098	0.03049	0.06098	0.0	0.07317	0.04268	0.04268	0.01829
Cayman Islands	236	0.02542	0.01695	0.0	0.00847	0.00847	0.00424	0.01271	0.05932	0.02966	0.05932	0.08051	0.08475	0.07203	0.12288	0.02966	0.03814	0.02542	0.02542	0.02542	0.04237	0.05085	0.04237	0.08475	0.05085
Central African Republic	75	0.0	0.0	0.0	0.02667	0.01333	0.02667	0.0	0.01333	0.01333	0.05333	0.10667	0.10667	0.01333	0.09333	0.25333	0.01333	0.06667	0.02667	0.04	0.0	0.01333	0.08	0.02667	0.01333
Chad	319	0.0	0.00313	0.0094	0.00313	0.00313	0.04075	0.04075	0.01254	0.07837	0.02821	0.03448	0.19749	0.06897	0.02194	0.03448	0.03448	0.00627	0.05016	0.03448	0.01567	0.02508	0.1442	0.10345	0.0094
Chile	2214513	0.05116	0.03141	0.01799	0.01001	0.00595	0.00462	0.00474	0.00656	0.01548	0.03021	0.04512	0.05785	0.06131	0.04652	0.04902	0.06181	0.06831	0.06627	0.06034	0.05536	0.05405	0.05923	0.06859	0.06809
China	31572183	0.01938	0.01002	0.00584	0.00419	0.00356	0.00371	0.00523	0.00835	0.02937	0.06722	0.0876	0.07081	0.03604	0.04567	0.066	0.08415	0.08771	0.06184	0.03801	0.04642	0.06123	0.06657	0.05488	0.03621
Collectivity of Saint Martin	74	0.0	0.0	0.0	0.0	0.0	0.02703	0.17568	0.0	0.01351	0.05405	0.10811	0.05405	0.04054	0.0	0.01351	0.14865	0.04054	0.02703	0.06757	0.09459	0.05405	0.02703	0.0	0.05405
Colombia	2734297	0.02589	0.01372	0.00808	0.00675	0.00751	0.00892	0.01165	0.0201	0.03211	0.04523	0.05632	0.06272	0.04788	0.04141	0.05088	0.06027	0.06401	0.06403	0.06105	0.05999	0.064	0.07298	0.06708	0.04743
Comoros	116	0.00862	0.0	0.0	0.0	0.0	0.0	0.0	0.0	0.00862	0.08621	0.08621	0.18966	0.06034	0.0431	0.05172	0.12069	0.03448	0.02586	0.00862	0.23276	0.00862	0.03448	0.0	0.0
Cook Islands	9	0.0	0.0	0.0	0.0	0.0	0.0	0.0	0.0	0.0	0.0	0.0	0.0	0.0	0.0	0.0	0.22222	0.44444	0.0	0.0	0.11111	0.11111	0.0	0.11111	0.0
Costa Rica	251395	0.02557	0.0153	0.01046	0.00815	0.00857	0.00936	0.01436	0.02356	0.04001	0.04729	0.06163	0.06279	0.04736	0.05288	0.0646	0.05951	0.05811	0.05528	0.05745	0.05672	0.06152	0.06178	0.05593	0.04183
Croatia	447577	0.02327	0.01255	0.00683	0.00407	0.00294	0.00311	0.00425	0.01078	0.02898	0.05307	0.07072	0.07991	0.0758	0.07913	0.0803	0.07305	0.05868	0.0532	0.05181	0.04918	0.04652	0.04728	0.04633	0.03822
Cuba	126890	0.00614	0.00346	0.00194	0.0012	0.0007	0.00078	0.0017	0.00846	0.04417	0.07652	0.0985	0.11692	0.09977	0.09597	0.11471	0.11284	0.09099	0.05268	0.02456	0.01233	0.0091	0.00932	0.00913	0.0081
Curaçao	921	0.02714	0.02606	0.0228	0.00977	0.01737	0.01086	0.02823	0.01629	0.03257	0.05537	0.06406	0.06623	0.04777	0.08578	0.05103	0.05429	0.06298	0.07058	0.04126	0.03474	0.03692	0.05537	0.05863	0.02389
Cyprus	59864	0.02686	0.0213	0.01341	0.01216	0.01146	0.01118	0.01234	0.01487	0.02877	0.04711	0.06234	0.06902	0.07854	0.06555	0.06025	0.06121	0.06154	0.05693	0.0569	0.05234	0.04472	0.04505	0.04607	0.04009
Czech Republic	457179	0.01934	0.01169	0.00781	0.00608	0.0061	0.00581	0.0094	0.01787	0.03467	0.05919	0.07745	0.07866	0.06764	0.07749	0.08017	0.07804	0.06662	0.05515	0.04376	0.04043	0.04204	0.04378	0.03964	0.03117
Czechia	57687	0.02621	0.01593	0.01233	0.01189	0.01349	0.01428	0.01366	0.02127	0.03923	0.04415	0.05667	0.05887	0.05103	0.05811	0.05974	0.06199	0.05258	0.05185	0.05741	0.05154	0.06915	0.06076	0.05138	0.04649
Côte d'Ivoire	51511	0.02743	0.01881	0.01196	0.00963	0.00949	0.01312	0.01386	0.02141	0.03199	0.05036	0.06604	0.08014	0.0708	0.05746	0.06406	0.06861	0.07666	0.07041	0.05713	0.03873	0.03343	0.0357	0.03855	0.03419
Democratic Republic of the Congo	9225	0.02591	0.02472	0.0207	0.02081	0.02266	0.01615	0.02146	0.01604	0.03014	0.04889	0.0632	0.06244	0.07295	0.06005	0.06623	0.07664	0.07198	0.05669	0.05528	0.03631	0.04347	0.02732	0.03079	0.02916
Denmark	285401	0.02735	0.02465	0.0232	0.02211	0.02291	0.02355	0.02874	0.03609	0.03883	0.04877	0.05617	0.06	0.05371	0.05388	0.05594	0.056	0.05159	0.04889	0.0474	0.04545	0.0471	0.04906	0.0449	0.03372
Djibouti	2155	0.03852	0.02645	0.00418	0.00464	0.0051	0.0065	0.01206	0.02135	0.03944	0.04733	0.05012	0.08817	0.07796	0.05336	0.03434	0.05197	0.06079	0.06265	0.05012	0.0529	0.08399	0.06032	0.04084	0.02691
Dominica	252	0.04762	0.03968	0.01984	0.05556	0.03571	0.01984	0.01587	0.0	0.04762	0.02778	0.02381	0.01984	0.08333	0.02778	0.03175	0.06746	0.05952	0.07143	0.10714	0.00794	0.03571	0.05952	0.06349	0.03175
Dominican Republic	40411	0.03905	0.02227	0.01064	0.00784	0.00883	0.0095	0.01052	0.01767	0.03021	0.04271	0.05345	0.06199	0.05026	0.04274	0.04776	0.05865	0.0564	0.0586	0.0613	0.05842	0.06167	0.06553	0.066	0.058
Ecuador	879688	0.03248	0.01759	0.01015	0.00703	0.0068	0.00856	0.00973	0.01677	0.03061	0.04652	0.05971	0.06598	0.06137	0.0444	0.04982	0.05978	0.06136	0.05943	0.05578	0.05432	0.05701	0.06529	0.06695	0.05256
Egypt	1974998	0.05464	0.04095	0.02803	0.01864	0.01366	0.01219	0.01343	0.01565	0.01941	0.02803	0.03906	0.04788	0.04569	0.05447	0.05683	0.05225	0.05025	0.05044	0.05118	0.0521	0.0591	0.06457	0.06676	0.06476
El Salvador	20856	0.035	0.01496	0.01016	0.00619	0.00676	0.00834	0.01146	0.0188	0.03745	0.04761	0.05471	0.06334	0.04512	0.04411	0.05404	0.05548	0.06056	0.04867	0.04967	0.05394	0.06837	0.07955	0.07101	0.05471
Equatorial Guinea	114	0.03509	0.00877	0.01754	0.0614	0.0	0.0	0.00877	0.0	0.00877	0.01754	0.03509	0.20175	0.0614	0.00877	0.05263	0.10526	0.13158	0.0	0.03509	0.04386	0.03509	0.02632	0.04386	0.0614
Eritrea	96	0.01042	0.0	0.0	0.0	0.0	0.0	0.03125	0.0	0.08333	0.05208	0.07292	0.02083	0.05208	0.0625	0.125	0.0625	0.05208	0.11458	0.19792	0.0	0.01042	0.05208	0.0	0.0
Estonia	72378	0.03096	0.03152	0.02224	0.01693	0.01326	0.01006	0.00984	0.01232	0.02211	0.03444	0.05166	0.06215	0.0642	0.06668	0.07498	0.07138	0.06937	0.056	0.04981	0.04783	0.04646	0.04725	0.04619	0.04236
Ethiopia	203720	0.00768	0.00463	0.00282	0.00163	0.00187	0.00169	0.00271	0.00604	0.02753	0.06544	0.09842	0.11635	0.06736	0.05983	0.09054	0.1069	0.10613	0.07876	0.05069	0.03082	0.02306	0.02075	0.01687	0.0115
Falkland Islands (Islas Malvinas)	193	0.01036	0.0	0.00518	0.0	0.0	0.0	0.00518	0.0	0.08808	0.15026	0.07254	0.10881	0.04145	0.08808	0.12435	0.11399	0.09326	0.01036	0.00518	0.02591	0.03109	0.01036	0.01554	0.0
Faroe Islands	411	0.0292	0.00973	0.0073	0.00973	0.00243	0.0	0.0	0.0	0.0073	0.06813	0.07543	0.13625	0.05353	0.09732	0.07543	0.09489	0.04623	0.05353	0.02676	0.03893	0.03893	0.06083	0.03406	0.03406
Fiji	6912	0.03212	0.02069	0.01505	0.00998	0.01143	0.00694	0.01664	0.01244	0.02951	0.0489	0.04876	0.06004	0.06438	0.0476	0.07292	0.0719	0.05353	0.05454	0.04268	0.03935	0.05888	0.06829	0.07277	0.04065
Finland	195379	0.03194	0.02139	0.01493	0.01167	0.01185	0.00996	0.00993	0.01444	0.02506	0.04276	0.06119	0.06311	0.06291	0.06753	0.07305	0.07531	0.06551	0.05534	0.04775	0.04694	0.04526	0.05007	0.05006	0.04201
France	5244482	0.02032	0.01277	0.00937	0.00764	0.00721	0.00778	0.01001	0.01312	0.0247	0.05146	0.07359	0.08388	0.05695	0.05464	0.07734	0.08606	0.08473	0.0742	0.05694	0.04227	0.03482	0.03783	0.04022	0.03215
French Guiana	5985	0.0249	0.00618	0.00418	0.00184	0.00317	0.00184	0.00919	0.01253	0.04862	0.07068	0.05681	0.08271	0.05514	0.04294	0.068	0.06282	0.07218	0.05965	0.04027	0.03977	0.04628	0.03843	0.08187	0.07001
French Polynesia	4343	0.01888	0.00898	0.00622	0.00322	0.00046	0.00461	0.00852	0.0198	0.04168	0.07875	0.09026	0.09095	0.05135	0.06217	0.08612	0.09233	0.07967	0.05802	0.04467	0.03247	0.0228	0.03914	0.04306	0.01589
Gabon	7322	0.05832	0.05818	0.01748	0.0168	0.03756	0.0422	0.03114	0.01612	0.03155	0.04111	0.04725	0.08495	0.05873	0.0478	0.06556	0.06282	0.09232	0.04288	0.0381	0.02827	0.0209	0.02035	0.02213	0.01748
Georgia	40317	0.04834	0.03262	0.02148	0.01902	0.01377	0.01081	0.00846	0.00853	0.01285	0.02111	0.03671	0.05392	0.05598	0.06025	0.06873	0.07009	0.06717	0.0722	0.05072	0.05397	0.04951	0.05276	0.05611	0.05489
Germany	3608504	0.0198	0.01313	0.00925	0.00709	0.00632	0.0069	0.01002	0.01662	0.03067	0.05199	0.07008	0.07706	0.06659	0.07257	0.0784	0.0781	0.07305	0.06167	0.04922	0.04301	0.04272	0.04364	0.04127	0.03082
Ghana	154969	0.02113	0.01611	0.01293	0.01278	0.01418	0.01464	0.01812	0.02358	0.03656	0.04907	0.06317	0.07098	0.07398	0.07241	0.07522	0.07795	0.0754	0.06163	0.04568	0.03719	0.03479	0.0344	0.03265	0.02546
Gibraltar	220	0.00909	0.02727	0.00909	0.00455	0.00909	0.0	0.0	0.0	0.0	0.00909	0.04545	0.03636	0.07273	0.07727	0.12273	0.10909	0.09091	0.03636	0.06818	0.07273	0.10909	0.03636	0.01364	0.04091
Greece	1357245	0.03724	0.02488	0.01452	0.00822	0.00528	0.00352	0.00392	0.00769	0.0158	0.03057	0.04824	0.0632	0.07377	0.07323	0.067	0.06267	0.06221	0.06263	0.06293	0.06136	0.06015	0.05465	0.04968	0.04662
Greenland	184	0.00543	0.0	0.0	0.0	0.0	0.01087	0.01087	0.0163	0.01087	0.03804	0.09783	0.03804	0.07065	0.07609	0.1087	0.07609	0.11413	0.07065	0.09239	0.0	0.02717	0.02717	0.05435	0.05435
Grenada	856	0.07243	0.01519	0.01636	0.01869	0.01636	0.03271	0.04089	0.0257	0.02103	0.01636	0.01869	0.02103	0.02804	0.03271	0.05607	0.03738	0.01402	0.01986	0.03855	0.05841	0.10864	0.08411	0.11098	0.09579
Guadeloupe	10271	0.04011	0.03301	0.01762	0.01626	0.01217	0.00662	0.01431	0.02054	0.02609	0.04157	0.05248	0.05929	0.04537	0.04225	0.04401	0.05881	0.06572	0.06319	0.09123	0.0552	0.04673	0.05258	0.05209	0.04274
Guam	3644	0.03156	0.02497	0.00988	0.00357	0.00357	0.00467	0.00467	0.00549	0.01454	0.04802	0.05708	0.07245	0.08178	0.0826	0.07766	0.05187	0.06175	0.06229	0.06422	0.06257	0.05241	0.04116	0.04007	0.04116
Guatemala	68505	0.02763	0.01213	0.0086	0.0067	0.00692	0.00707	0.01242	0.02101	0.03038	0.04522	0.04865	0.05753	0.05438	0.04157	0.04509	0.05077	0.05386	0.06233	0.06391	0.06671	0.06845	0.07766	0.07843	0.05258
Guernsey	197	0.03046	0.01015	0.0	0.0	0.0	0.0	0.00508	0.00508	0.00508	0.03553	0.06091	0.13198	0.04569	0.09645	0.15736	0.04569	0.03046	0.03046	0.07107	0.04061	0.05584	0.10152	0.01523	0.02538
Guinea	15054	0.06669	0.04902	0.03959	0.02418	0.01966	0.02126	0.00864	0.0188	0.02292	0.04251	0.04338	0.0556	0.06397	0.06762	0.05939	0.05401	0.04849	0.04789	0.03846	0.04092	0.03853	0.04783	0.04504	0.03561
Guinea-Bissau	215	0.10698	0.08372	0.12558	0.14884	0.05116	0.01395	0.02326	0.0093	0.02791	0.03256	0.00465	0.07442	0.02326	0.0093	0.0093	0.04186	0.01395	0.08372	0.0093	0.0	0.0	0.01395	0.02326	0.06977
Guyana	4231	0.02742	0.02009	0.00662	0.00496	0.00402	0.00969	0.03498	0.04183	0.05531	0.0494	0.03711	0.04372	0.04042	0.02907	0.03782	0.03853	0.04751	0.03262	0.03545	0.06547	0.08154	0.09454	0.091	0.07091
Haiti	2257	0.01152	0.01152	0.01595	0.01861	0.01374	0.00487	0.0093	0.0257	0.03101	0.07355	0.10013	0.09792	0.07222	0.06602	0.05981	0.0638	0.05848	0.04564	0.035	0.04121	0.02924	0.05804	0.03146	0.02525
Honduras	33149	0.03533	0.02205	0.01445	0.01246	0.00884	0.01222	0.01897	0.0216	0.02522	0.03566	0.04854	0.04664	0.04413	0.03723	0.04718	0.0438	0.04775	0.05165	0.05789	0.06655	0.07828	0.08187	0.07846	0.06323
Hong Kong	2065569	0.03287	0.02761	0.0252	0.02382	0.02276	0.02181	0.02193	0.0225	0.02799	0.048	0.06145	0.06195	0.04503	0.04844	0.05963	0.06531	0.06678	0.05985	0.04453	0.04113	0.0433	0.04459	0.04366	0.03986
Hungary	718030	0.02256	0.01509	0.01214	0.0089	0.00883	0.00993	0.01256	0.01805	0.03252	0.05194	0.06771	0.07342	0.06542	0.06942	0.0751	0.07319	0.0643	0.05579	0.04749	0.04642	0.04568	0.04623	0.04431	0.03299
Iceland	67842	0.02936	0.02826	0.02298	0.02248	0.02239	0.0246	0.02294	0.02423	0.0305	0.0427	0.05495	0.06189	0.05648	0.06297	0.06971	0.06576	0.05837	0.05449	0.04556	0.04292	0.04403	0.04164	0.03653	0.03426
India	17152204	0.02067	0.01058	0.00514	0.00283	0.00242	0.00356	0.00668	0.01103	0.01588	0.04177	0.07707	0.09635	0.09568	0.06223	0.07917	0.087	0.07666	0.05973	0.04633	0.04494	0.04062	0.03854	0.04086	0.03426
Indonesia	7708906	0.03142	0.02019	0.01304	0.01059	0.01174	0.0178	0.02176	0.02655	0.0379	0.04908	0.05903	0.06301	0.05557	0.06209	0.06484	0.05699	0.0518	0.04481	0.03875	0.0467	0.05695	0.06041	0.05494	0.04403
Iran	9346417	0.04247	0.02933	0.01734	0.00878	0.00512	0.00394	0.00494	0.00857	0.02156	0.04187	0.06212	0.07728	0.0725	0.06165	0.05892	0.05872	0.05637	0.0563	0.0556	0.05445	0.04987	0.04905	0.05178	0.05146
Iraq	554912	0.05953	0.04196	0.02399	0.01416	0.0106	0.00819	0.00963	0.01179	0.01851	0.03337	0.04389	0.05281	0.04402	0.04676	0.04589	0.04824	0.04883	0.04888	0.05219	0.05337	0.06029	0.06965	0.07714	0.07629
Ireland	388546	0.02219	0.01368	0.0108	0.00825	0.00696	0.00684	0.00725	0.00966	0.01924	0.03987	0.05899	0.07213	0.07476	0.06567	0.07604	0.08091	0.07953	0.0653	0.05596	0.05053	0.04981	0.04802	0.0434	0.0342
Isle of Man	432	0.01852	0.01157	0.00463	0.00694	0.00926	0.00694	0.01389	0.00926	0.03009	0.04398	0.03472	0.05787	0.0463	0.08102	0.06019	0.08333	0.08565	0.0787	0.09954	0.0463	0.04167	0.04167	0.0625	0.02546
Israel	310318	0.02612	0.01505	0.00956	0.00653	0.00519	0.00585	0.00829	0.01582	0.03029	0.0518	0.0677	0.07523	0.06908	0.06822	0.07251	0.0708	0.06486	0.05944	0.05126	0.04568	0.04677	0.04774	0.04715	0.03906
Italy	3329302	0.0207	0.01147	0.00687	0.00483	0.00422	0.0044	0.00665	0.01115	0.02333	0.04824	0.07325	0.08587	0.08056	0.05218	0.05804	0.07684	0.08392	0.08109	0.06881	0.05223	0.03574	0.035	0.04055	0.03407
Jamaica	17555	0.0331	0.02552	0.01698	0.01646	0.01527	0.01276	0.0176	0.02244	0.0311	0.04267	0.05998	0.06688	0.06841	0.05377	0.05412	0.06488	0.05469	0.05275	0.04608	0.04887	0.05269	0.04944	0.05167	0.04187
Japan	1674183	0.03237	0.0239	0.01854	0.01477	0.01261	0.01293	0.01274	0.01684	0.02334	0.03899	0.05551	0.06337	0.05221	0.05446	0.06363	0.07082	0.07462	0.06912	0.05756	0.04853	0.04627	0.0477	0.0472	0.04197
Jersey	592	0.01182	0.04054	0.00507	0.00507	0.01182	0.00169	0.0	0.02196	0.03378	0.06588	0.05574	0.09628	0.0777	0.06757	0.07432	0.08615	0.06081	0.07432	0.05236	0.01858	0.02703	0.03716	0.05236	0.02196
Jordan	285753	0.04779	0.03369	0.02089	0.01293	0.00879	0.00864	0.01193	0.01286	0.02153	0.03335	0.04369	0.04902	0.05346	0.05389	0.0571	0.0531	0.04649	0.04982	0.05604	0.05897	0.06625	0.06972	0.0692	0.06085
Kazakhstan	140220	0.03863	0.02678	0.01706	0.01056	0.00605	0.00633	0.00656	0.00745	0.01663	0.0376	0.05578	0.06901	0.06841	0.06009	0.06988	0.07341	0.07674	0.0677	0.05254	0.04531	0.04612	0.04603	0.04872	0.04661
Kenya	135006	0.01887	0.01363	0.01227	0.01091	0.0115	0.01254	0.0155	0.02238	0.03509	0.05534	0.06853	0.07622	0.07572	0.06817	0.07113	0.07522	0.06629	0.05818	0.05117	0.04151	0.03809	0.03676	0.03616	0.02881
Kosovo	835	0.0	0.0	0.0	0.0	0.0	0.0	0.0	0.01198	0.01796	0.03713	0.08024	0.08503	0.12814	0.17725	0.15329	0.14371	0.1018	0.00838	0.01317	0.00958	0.02515	0.0024	0.0	0.00479
Kuwait	48261	0.03566	0.02538	0.01629	0.01162	0.00748	0.00615	0.00825	0.01784	0.03276	0.04905	0.06394	0.07128	0.06401	0.07358	0.06483	0.05294	0.04519	0.04503	0.04239	0.04571	0.05222	0.06125	0.05762	0.04952
Kyrgyzstan	6238	0.03992	0.03623	0.02934	0.01202	0.00882	0.00561	0.0093	0.0085	0.01603	0.04937	0.04986	0.05531	0.04825	0.06252	0.07198	0.07615	0.06284	0.06733	0.05531	0.03703	0.04986	0.04937	0.05178	0.04729
Laos	8953	0.01296	0.00849	0.00402	0.00279	0.0048	0.00625	0.00491	0.01217	0.03016	0.07841	0.09639	0.08958	0.03496	0.06411	0.10577	0.10522	0.09784	0.0573	0.04155	0.02681	0.02781	0.03284	0.0315	0.02334
Latvia	188309	0.02851	0.02026	0.01883	0.01843	0.02057	0.02277	0.02306	0.02411	0.03293	0.04612	0.05838	0.06639	0.06012	0.06022	0.06229	0.06098	0.05839	0.05202	0.04373	0.04364	0.04735	0.0453	0.04443	0.04116
Lebanon	125779	0.03258	0.02076	0.0146	0.00987	0.0083	0.00789	0.00999	0.01554	0.02911	0.04417	0.06039	0.07205	0.06717	0.06626	0.06079	0.05699	0.05453	0.0508	0.05243	0.05433	0.05549	0.05476	0.05267	0.04853
Lesotho	976	0.01127	0.01742	0.00512	0.00307	0.01127	0.00922	0.05328	0.0666	0.09119	0.08094	0.09426	0.07889	0.03689	0.02971	0.0543	0.0666	0.04201	0.07377	0.07377	0.01947	0.0123	0.03176	0.01742	0.01947
Liberia	16050	0.02031	0.04174	0.02922	0.04386	0.03701	0.03389	0.05545	0.04598	0.03882	0.05963	0.05826	0.06611	0.05296	0.03763	0.03084	0.04031	0.04361	0.03321	0.04037	0.03252	0.04336	0.05153	0.03109	0.03227
Libya	31619	0.0556	0.04415	0.03359	0.0216	0.01452	0.01448	0.0143	0.01784	0.02394	0.03368	0.03919	0.0457	0.04747	0.04406	0.04665	0.05241	0.04586	0.04383	0.05016	0.05544	0.0587	0.06297	0.06923	0.06464
Liechtenstein	1918	0.00626	0.00417	0.00156	0.00209	0.0	0.00156	0.00104	0.01303	0.02607	0.05944	0.10063	0.09281	0.06048	0.12513	0.10271	0.0756	0.09228	0.06569	0.05162	0.03024	0.02398	0.0245	0.02607	0.01303
Lithuania	276479	0.0291	0.01629	0.00991	0.00664	0.00556	0.00517	0.00657	0.01168	0.02216	0.03758	0.05332	0.06335	0.06144	0.06761	0.07262	0.06923	0.06589	0.06193	0.05838	0.05634	0.05939	0.05962	0.05658	0.04361
Luxembourg	183324	0.02524	0.02387	0.0254	0.0251	0.02784	0.02568	0.02666	0.02835	0.04284	0.05314	0.05984	0.06361	0.05023	0.05639	0.06162	0.06545	0.05718	0.05597	0.04439	0.03881	0.03864	0.04257	0.03511	0.02609
Macau	67895	0.02357	0.01194	0.0048	0.00227	0.00166	0.00087	0.00109	0.00224	0.00838	0.04559	0.0761	0.08478	0.04707	0.05171	0.07747	0.09036	0.0889	0.08319	0.04697	0.04332	0.05286	0.06442	0.05152	0.03891
Macedonia (FYROM)	62415	0.03666	0.02312	0.01424	0.0075	0.00401	0.005	0.00785	0.01349	0.02716	0.04932	0.0576	0.06987	0.07202	0.07505	0.06843	0.05633	0.04972	0.04289	0.04566	0.04899	0.05686	0.05337	0.06148	0.0534
Madagascar	30495	0.01364	0.00754	0.00557	0.00407	0.00908	0.01315	0.01571	0.02056	0.03076	0.05417	0.08031	0.07926	0.0645	0.06388	0.07378	0.08132	0.08601	0.07978	0.0525	0.03512	0.02627	0.03791	0.03945	0.02564
Malawi	8553	0.0242	0.02198	0.01964	0.01976	0.01099	0.01122	0.01052	0.0152	0.029	0.04887	0.07588	0.08196	0.05811	0.05074	0.06314	0.08079	0.06337	0.06559	0.03531	0.03391	0.03695	0.05542	0.05051	0.03695
Malaysia	3217836	0.04592	0.03249	0.02133	0.01408	0.01001	0.00883	0.00928	0.01423	0.02285	0.03942	0.05556	0.06627	0.06256	0.05296	0.06255	0.07382	0.06899	0.05246	0.04079	0.03227	0.04004	0.0531	0.06163	0.05856
Maldives	3792	0.03929	0.0356	0.02004	0.02558	0.01582	0.02136	0.02505	0.02584	0.02532	0.03982	0.04826	0.0625	0.04984	0.0836	0.05248	0.06672	0.048	0.04905	0.03296	0.04562	0.03929	0.05011	0.05617	0.04167
Mali	10226	0.04723	0.03872	0.02318	0.01027	0.01203	0.01477	0.01457	0.01643	0.03022	0.03833	0.04713	0.05946	0.05525	0.07755	0.05251	0.05995	0.06327	0.05437	0.05046	0.04762	0.03648	0.04489	0.04528	0.06004
Malta	62485	0.02082	0.01272	0.00731	0.00672	0.00648	0.00915	0.01442	0.01954	0.0339	0.05368	0.06352	0.06651	0.06336	0.05971	0.06032	0.06506	0.06637	0.06653	0.06686	0.05531	0.0498	0.04856	0.04844	0.0349
Martinique	5850	0.02034	0.01162	0.00667	0.00496	0.00222	0.00821	0.01573	0.01487	0.03316	0.04803	0.05402	0.07197	0.05214	0.04513	0.06239	0.05778	0.05915	0.06513	0.07709	0.07453	0.06786	0.05846	0.05778	0.03077
Mauritania	6205	0.02595	0.01869	0.0145	0.00725	0.00435	0.00612	0.00564	0.00774	0.02788	0.06382	0.07252	0.07977	0.0967	0.09315	0.08042	0.05898	0.05383	0.04029	0.04448	0.03803	0.03352	0.04496	0.0411	0.04029
Mauritius	63703	0.03034	0.01711	0.00757	0.00727	0.00786	0.00728	0.00972	0.01388	0.02609	0.05285	0.0743	0.06943	0.05237	0.06078	0.06289	0.05689	0.04868	0.04697	0.0486	0.05135	0.05862	0.0762	0.06482	0.04815
Mayotte	707	0.03253	0.00424	0.00141	0.00283	0.00424	0.00566	0.00283	0.02263	0.05092	0.05516	0.07355	0.06223	0.03678	0.03819	0.05658	0.06931	0.07638	0.06082	0.06223	0.07072	0.02122	0.07638	0.05941	0.05375
Mexico	4404967	0.04006	0.02286	0.01247	0.00751	0.00596	0.00646	0.00854	0.01402	0.02376	0.03593	0.04806	0.05777	0.06294	0.05957	0.05252	0.05076	0.05334	0.05648	0.05937	0.06231	0.06428	0.06729	0.06858	0.05914
Moldova	112110	0.0267	0.02283	0.01779	0.01171	0.01334	0.01555	0.01629	0.01775	0.0264	0.04059	0.05583	0.06917	0.06154	0.05794	0.06119	0.06541	0.06938	0.05834	0.04896	0.04464	0.0512	0.05644	0.05075	0.04026
Monaco	1517	0.00461	0.00989	0.00593	0.00461	0.0	0.00066	0.00066	0.0033	0.04087	0.0791	0.08174	0.11931	0.05933	0.05603	0.1114	0.12657	0.10613	0.0646	0.04153	0.02175	0.01318	0.01055	0.01384	0.02439
Mongolia	18021	0.02181	0.01348	0.00843	0.00505	0.00511	0.00338	0.00655	0.00893	0.02314	0.04112	0.06387	0.07108	0.07053	0.0707	0.09073	0.08074	0.08679	0.08662	0.05333	0.04733	0.04373	0.0359	0.03041	0.03124
Montenegro	17289	0.0354	0.0181	0.01492	0.0122	0.00758	0.01024	0.01012	0.01024	0.02452	0.04963	0.05102	0.07155	0.07068	0.06854	0.0719	0.04882	0.04344	0.05825	0.05466	0.05258	0.05674	0.06281	0.05391	0.04217
Montserrat	38	0.0	0.0	0.0	0.0	0.02632	0.0	0.0	0.0	0.02632	0.0	0.23684	0.07895	0.10526	0.02632	0.07895	0.05263	0.15789	0.02632	0.02632	0.0	0.0	0.02632	0.05263	0.07895
Morocco	1541062	0.04005	0.02402	0.01279	0.00687	0.00426	0.00332	0.00461	0.00618	0.01221	0.03127	0.0535	0.07287	0.07047	0.06002	0.0616	0.06827	0.06794	0.06178	0.05501	0.05102	0.05344	0.0596	0.06212	0.05681
Mozambique	9654	0.01378	0.0087	0.00756	0.00767	0.00611	0.01222	0.01792	0.01854	0.03822	0.05531	0.07303	0.07883	0.08867	0.0693	0.07064	0.06826	0.07354	0.05832	0.05003	0.06101	0.03377	0.03128	0.0317	0.02559
Myanmar (Burma)	49413	0.02113	0.01087	0.00544	0.00413	0.00405	0.00409	0.00773	0.00939	0.01959	0.05843	0.09597	0.08923	0.07379	0.09123	0.10841	0.09862	0.05547	0.03762	0.0276	0.0269	0.03189	0.03944	0.04377	0.03521
N/A	16754	0.0194	0.01015	0.00412	0.00215	0.00048	0.0009	0.0009	0.00406	0.02125	0.07383	0.10093	0.10021	0.09138	0.0878	0.0915	0.09854	0.07724	0.05294	0.0305	0.0262	0.02847	0.03014	0.0265	0.02041
Namibia	6166	0.01703	0.01281	0.00551	0.00535	0.00681	0.01443	0.01297	0.03552	0.04801	0.05401	0.05352	0.07071	0.05498	0.03973	0.05887	0.07282	0.0686	0.05709	0.04671	0.04963	0.06909	0.05709	0.05174	0.03698
Nauru	3	0.0	0.0	0.0	0.0	0.0	0.0	0.0	0.0	0.0	0.33333	0.0	0.0	0.0	0.0	0.33333	0.0	0.33333	0.0	0.0	0.0	0.0	0.0	0.0	0.0
Nepal	192844	0.01746	0.00768	0.00459	0.00319	0.00376	0.00786	0.01606	0.0297	0.0427	0.05056	0.05527	0.06827	0.06697	0.05815	0.06063	0.06223	0.06002	0.0522	0.05237	0.05369	0.05935	0.06858	0.06024	0.03844
Netherlands	2622157	0.02323	0.02088	0.0205	0.02114	0.0222	0.02315	0.02711	0.033	0.04104	0.05192	0.05723	0.0622	0.05771	0.05959	0.06411	0.0623	0.05911	0.05134	0.04486	0.04379	0.0438	0.04286	0.0394	0.02752
New Caledonia	9578	0.00418	0.00324	0.00136	0.00125	0.00073	0.00115	0.00303	0.01817	0.05909	0.08676	0.09908	0.11495	0.0451	0.07298	0.10722	0.10086	0.09428	0.0688	0.03873	0.02318	0.01744	0.01577	0.0143	0.00835
New Zealand	132311	0.02697	0.01963	0.01734	0.01533	0.01521	0.01507	0.01562	0.01951	0.03216	0.04792	0.06173	0.07244	0.06194	0.06633	0.07061	0.07078	0.06596	0.05187	0.04027	0.04353	0.04372	0.04631	0.04245	0.03731
Nicaragua	30162	0.02878	0.02072	0.0126	0.01117	0.00965	0.00597	0.00968	0.01518	0.02692	0.04131	0.0502	0.0553	0.04171	0.05477	0.06641	0.06783	0.07297	0.06558	0.04519	0.05195	0.0615	0.06989	0.06624	0.04847
Niger	4974	0.05951	0.02835	0.02171	0.01126	0.00462	0.00161	0.00663	0.00663	0.01025	0.02996	0.05348	0.07499	0.08464	0.06293	0.06413	0.06333	0.05509	0.08504	0.07016	0.0392	0.02915	0.03136	0.04584	0.06011
Nigeria	528137	0.0275	0.02112	0.01793	0.01691	0.01677	0.01645	0.02103	0.02408	0.03011	0.04188	0.05381	0.06518	0.07046	0.06849	0.07132	0.07002	0.06326	0.05678	0.04499	0.03812	0.04056	0.04432	0.04361	0.03531
Norfolk Island	2	0.0	0.0	0.0	0.0	0.0	0.0	0.0	0.0	0.0	0.0	0.0	0.0	0.0	0.0	0.0	0.0	0.0	0.0	0.0	0.0	1.0	0.0	0.0	0.0
North Korea	3773	0.00106	0.00027	0.00133	0.0	0.00027	0.0	0.0	0.0	0.00928	0.04108	0.07739	0.11715	0.03446	0.03525	0.09674	0.11874	0.12165	0.09886	0.15955	0.05566	0.00822	0.00928	0.00318	0.0106
Northern Mariana Islands	116	0.00862	0.00862	0.0	0.0	0.0	0.0	0.0	0.0	0.02586	0.15517	0.07759	0.01724	0.03448	0.11207	0.16379	0.12069	0.08621	0.0431	0.03448	0.00862	0.06034	0.02586	0.00862	0.00862
Norway	201455	0.02674	0.02018	0.01558	0.01359	0.01555	0.01525	0.01768	0.02033	0.03281	0.04815	0.05943	0.06444	0.0627	0.0635	0.0681	0.06733	0.06252	0.0518	0.04812	0.04621	0.04826	0.04992	0.04686	0.03494
Oman	36475	0.03679	0.02133	0.01505	0.00836	0.00491	0.00776	0.01308	0.01648	0.03687	0.05609	0.06163	0.06583	0.06355	0.0582	0.05766	0.05705	0.04647	0.0508	0.04998	0.05275	0.05086	0.05357	0.05947	0.05546
Pakistan	2567963	0.04067	0.02572	0.01463	0.00839	0.00595	0.00571	0.00821	0.01103	0.01989	0.04147	0.05943	0.07282	0.07634	0.06041	0.05999	0.06311	0.05486	0.04602	0.04804	0.05066	0.05454	0.05552	0.06064	0.05597
Palau	8	0.0	0.0	0.0	0.125	0.0	0.0	0.0	0.0	0.0	0.0	0.0	0.0	0.0	0.0	0.0	0.125	0.125	0.25	0.125	0.0	0.125	0.0	0.0	0.125
Palestine	1299	0.02232	0.02002	0.00231	0.09161	0.09546	0.06697	0.02617	0.01925	0.02694	0.03772	0.02771	0.02694	0.16166	0.02463	0.05158	0.0408	0.01848	0.01925	0.04927	0.03926	0.03926	0.04619	0.01925	0.02694
Panama	79874	0.0377	0.02649	0.01656	0.01218	0.01557	0.01534	0.01857	0.02153	0.03085	0.0372	0.05507	0.04696	0.04649	0.04865	0.0528	0.0579	0.05217	0.05499	0.0547	0.0564	0.06053	0.0709	0.06047	0.04998
Papua New Guinea	799	0.05131	0.0413	0.03755	0.01252	0.01752	0.03129	0.01877	0.01502	0.02378	0.02879	0.04631	0.04005	0.06758	0.04005	0.05507	0.10889	0.07635	0.05757	0.03129	0.03379	0.05632	0.03254	0.02879	0.04756
Paraguay	45349	0.03041	0.01603	0.01094	0.00628	0.00598	0.00818	0.00644	0.01762	0.03052	0.04726	0.05927	0.066	0.05151	0.04679	0.05539	0.06743	0.07134	0.06487	0.06997	0.06011	0.05515	0.05718	0.05367	0.04165
Peru	1774918	0.04467	0.02652	0.01507	0.01026	0.00952	0.01323	0.01658	0.01849	0.02548	0.03752	0.04907	0.05892	0.05652	0.04323	0.04215	0.04903	0.05534	0.05737	0.05968	0.05996	0.05782	0.06261	0.06776	0.0632
Philippines	1618145	0.04448	0.03079	0.01995	0.0142	0.0116	0.01252	0.01457	0.01859	0.02808	0.03812	0.0471	0.04936	0.04289	0.05035	0.05766	0.0586	0.05691	0.05125	0.04921	0.04996	0.05754	0.06766	0.06889	0.0597
Poland	1368894	0.0344	0.02034	0.01274	0.0087	0.00658	0.00725	0.00826	0.01481	0.02827	0.04307	0.05635	0.06532	0.06888	0.06863	0.06746	0.06039	0.05333	0.05028	0.05024	0.05094	0.05513	0.058	0.05982	0.0508
Portugal	2058166	0.03492	0.01956	0.01085	0.00629	0.00384	0.00281	0.00286	0.00451	0.0109	0.03009	0.0563	0.07465	0.06423	0.04498	0.0652	0.0861	0.08772	0.0794	0.06673	0.05598	0.04113	0.04318	0.05544	0.05234
Puerto Rico	76949	0.03695	0.02324	0.01405	0.00712	0.00604	0.00587	0.00771	0.01507	0.02595	0.03995	0.0527	0.06191	0.05488	0.05788	0.06335	0.06672	0.06432	0.05916	0.0514	0.05365	0.06194	0.06101	0.05992	0.04921
Qatar	45331	0.02958	0.02003	0.01337	0.00885	0.00909	0.00971	0.01147	0.01921	0.03607	0.05493	0.06925	0.06876	0.06036	0.06406	0.06737	0.0572	0.0535	0.04997	0.0435	0.04847	0.05277	0.05334	0.05495	0.04421
Republic of the Congo	5414	0.03897	0.02826	0.02604	0.02106	0.01976	0.03214	0.02549	0.02216	0.02789	0.04488	0.05874	0.05818	0.07573	0.06594	0.06779	0.06723	0.0532	0.04784	0.03251	0.03436	0.02789	0.04248	0.03879	0.04267
Reunion	25992	0.01851	0.01323	0.00585	0.00362	0.00365	0.00473	0.00927	0.02324	0.03274	0.06063	0.0801	0.08707	0.04959	0.0489	0.07664	0.08226	0.08168	0.0671	0.05379	0.04286	0.03732	0.04274	0.04232	0.03216
Romania	1300836	0.0302	0.02401	0.02121	0.01939	0.01911	0.0189	0.01974	0.02273	0.03007	0.04128	0.05154	0.05734	0.05856	0.05956	0.0607	0.06066	0.05679	0.05339	0.05177	0.05048	0.05029	0.0499	0.04902	0.04335
Russia	4948657	0.03453	0.02352	0.0164	0.01209	0.01022	0.00945	0.01081	0.01366	0.02156	0.03516	0.04986	0.06236	0.06627	0.06861	0.07119	0.07288	0.07043	0.06336	0.05427	0.04914	0.04663	0.046	0.04746	0.04416
Rwanda	16230	0.01713	0.01522	0.00764	0.0114	0.01171	0.01608	0.01392	0.02471	0.04288	0.06913	0.08373	0.08835	0.07585	0.05872	0.06278	0.087	0.0626	0.05662	0.0419	0.04177	0.02668	0.03383	0.03185	0.01848
Saint Barthélemy	11	0.0	0.0	0.0	0.0	0.0	0.0	0.0	0.0	0.0	0.09091	0.27273	0.0	0.0	0.0	0.45455	0.0	0.0	0.09091	0.0	0.09091	0.0	0.0	0.0	0.0
Saint Kitts and Nevis	4973	0.03459	0.05268	0.0368	0.04323	0.02292	0.07219	0.02916	0.02876	0.03982	0.02192	0.14659	0.04283	0.02011	0.05309	0.01589	0.05248	0.03117	0.03418	0.03016	0.03237	0.02855	0.03961	0.05409	0.0368
Saint Lucia	259	0.0	0.0	0.00386	0.04633	0.00772	0.01544	0.01158	0.04247	0.01544	0.04247	0.0888	0.0695	0.03861	0.04633	0.05019	0.03861	0.08108	0.05792	0.10811	0.0695	0.07722	0.06178	0.01931	0.00772
Saint Martin	7	0.0	0.0	0.0	0.0	0.0	0.0	0.0	0.0	0.0	0.0	0.14286	0.14286	0.0	0.0	0.28571	0.42857	0.0	0.0	0.0	0.0	0.0	0.0	0.0	0.0
Saint Pierre and Miquelon	7	0.0	0.0	0.0	0.0	0.0	0.0	0.14286	0.0	0.14286	0.14286	0.0	0.28571	0.0	0.0	0.0	0.28571	0.0	0.0	0.0	0.0	0.0	0.0	0.0	0.0
Saint Vincent and the Grenadines	272	0.01103	0.04412	0.01838	0.00735	0.01838	0.05882	0.04044	0.01471	0.02574	0.0625	0.06618	0.09191	0.10294	0.02941	0.05515	0.04779	0.07353	0.04412	0.02206	0.06985	0.03676	0.04412	0.00368	0.01103
Saint-Barthélemy	33	0.0303	0.0	0.0	0.0	0.0	0.0303	0.0	0.0303	0.0303	0.0	0.0303	0.0303	0.0303	0.0	0.06061	0.18182	0.0	0.0303	0.0	0.18182	0.12121	0.0303	0.15152	0.0303
Samoa	63	0.0	0.0	0.0	0.0	0.01587	0.03175	0.03175	0.0	0.0	0.0	0.01587	0.06349	0.01587	0.07937	0.04762	0.03175	0.01587	0.03175	0.33333	0.14286	0.09524	0.01587	0.03175	0.0
San Marino	645	0.01395	0.0	0.0	0.0	0.0	0.00155	0.0	0.0062	0.03101	0.08062	0.09302	0.15194	0.08682	0.04806	0.04806	0.08992	0.10543	0.07907	0.06357	0.04496	0.01085	0.00775	0.0124	0.02481
Saudi Arabia	359815	0.05055	0.03718	0.02551	0.01819	0.01364	0.01233	0.01405	0.01812	0.02836	0.04	0.04757	0.05564	0.04698	0.05539	0.05871	0.05057	0.0461	0.04869	0.0483	0.05267	0.05392	0.05875	0.06034	0.05846
Senegal	64125	0.03712	0.02314	0.01173	0.00605	0.00432	0.00385	0.00649	0.01085	0.02121	0.03287	0.05336	0.07102	0.07768	0.0674	0.05829	0.06793	0.07181	0.06101	0.05896	0.04831	0.04526	0.05371	0.05723	0.0504
Serbia	387128	0.03563	0.02199	0.01215	0.00775	0.00454	0.00367	0.00506	0.00959	0.02217	0.03972	0.05774	0.0695	0.07248	0.07408	0.07168	0.06342	0.05777	0.05391	0.0532	0.05233	0.05077	0.05311	0.05615	0.05159
Seychelles	259060	0.04099	0.02644	0.01487	0.01182	0.00816	0.00737	0.01054	0.01479	0.0332	0.05323	0.0653	0.06735	0.05909	0.05858	0.05921	0.05615	0.05968	0.05793	0.05728	0.05113	0.0425	0.04663	0.04969	0.04808
Sierra Leone	976	0.00922	0.00717	0.04713	0.02561	0.00512	0.0	0.0082	0.01332	0.02561	0.04611	0.0666	0.10348	0.0543	0.04816	0.02254	0.05225	0.08299	0.09426	0.07684	0.04816	0.06557	0.04303	0.03279	0.02152
Singapore	1818078	0.05602	0.05414	0.04129	0.02503	0.01378	0.00851	0.00665	0.00757	0.01309	0.02481	0.03522	0.04032	0.04712	0.06122	0.07213	0.0669	0.05914	0.05936	0.05187	0.0456	0.0455	0.05028	0.05692	0.05754
Sint Maarten	159	0.00629	0.0	0.0	0.0	0.03145	0.01258	0.0	0.00629	0.08176	0.06289	0.05031	0.04403	0.03145	0.09434	0.07547	0.06289	0.06289	0.04403	0.04403	0.08176	0.02516	0.08176	0.02516	0.07547
Slovakia	416925	0.02549	0.01976	0.01648	0.01566	0.01573	0.01586	0.01789	0.02457	0.03754	0.0539	0.06806	0.06613	0.06137	0.0666	0.06762	0.06168	0.05511	0.05011	0.04774	0.04377	0.04469	0.04655	0.04406	0.03365
Slovenia	276074	0.0197	0.00947	0.00551	0.00333	0.00262	0.0029	0.00563	0.01449	0.03419	0.05959	0.07438	0.07615	0.07251	0.07431	0.07506	0.06636	0.06075	0.05513	0.05357	0.0514	0.04996	0.05323	0.0469	0.03286
Solomon Islands	111	0.00901	0.0	0.0	0.00901	0.03604	0.00901	0.01802	0.01802	0.01802	0.09009	0.11712	0.09009	0.17117	0.09009	0.02703	0.02703	0.01802	0.00901	0.00901	0.07207	0.04505	0.07207	0.00901	0.03604
Somalia	6338	0.02698	0.01641	0.01452	0.01452	0.01294	0.01562	0.02162	0.02619	0.04086	0.07289	0.10319	0.08031	0.05349	0.05207	0.06122	0.03613	0.04276	0.05238	0.04323	0.04702	0.04434	0.0366	0.04591	0.03881
South Africa	408668	0.02021	0.01624	0.01324	0.01186	0.01281	0.01315	0.01534	0.02236	0.03662	0.05501	0.06731	0.07627	0.072	0.06862	0.07531	0.07353	0.06498	0.05032	0.04023	0.04012	0.04202	0.04446	0.0402	0.0278
South Korea	3438481	0.02666	0.02401	0.02103	0.01894	0.01674	0.01623	0.02176	0.02326	0.03108	0.0507	0.06548	0.06769	0.04461	0.05895	0.07055	0.0741	0.07428	0.0674	0.04453	0.03883	0.03905	0.03777	0.03567	0.03068
South Sudan	105	0.05714	0.0381	0.00952	0.0	0.0	0.0	0.0	0.0	0.00952	0.05714	0.09524	0.08571	0.06667	0.05714	0.02857	0.09524	0.06667	0.06667	0.07619	0.02857	0.0381	0.05714	0.02857	0.0381
Spain	3954151	0.02296	0.01319	0.00716	0.00444	0.00324	0.00322	0.00459	0.00846	0.02244	0.04728	0.06981	0.08293	0.09302	0.07752	0.05169	0.0538	0.06852	0.07416	0.07158	0.06502	0.05233	0.0373	0.033	0.03235
Sri Lanka	347776	0.02622	0.01466	0.00751	0.00557	0.00656	0.011	0.01879	0.02755	0.03898	0.06098	0.07525	0.08162	0.07094	0.0622	0.06629	0.06676	0.05328	0.04179	0.03898	0.04298	0.04533	0.04961	0.04894	0.03821
Sudan	84415	0.03104	0.0203	0.01151	0.00793	0.00665	0.00485	0.01003	0.01508	0.02934	0.0501	0.0627	0.06938	0.07302	0.06774	0.07232	0.07285	0.06186	0.05883	0.05197	0.03935	0.04468	0.0494	0.04695	0.04211
Suriname	5528	0.03148	0.01737	0.01592	0.00814	0.00923	0.00796	0.00796	0.02804	0.06151	0.08466	0.08629	0.07399	0.06856	0.0653	0.053	0.04414	0.036	0.04522	0.03745	0.03907	0.04233	0.04812	0.04794	0.04034
Swaziland	955	0.00733	0.0	0.00105	0.0	0.0	0.00314	0.00209	0.00628	0.02932	0.04712	0.08168	0.09948	0.08168	0.10157	0.09843	0.09319	0.08063	0.0712	0.02408	0.02199	0.05759	0.05864	0.02199	0.01152
Sweden	717727	0.03077	0.02894	0.02798	0.02776	0.02889	0.0284	0.02902	0.0312	0.03601	0.04433	0.05031	0.05296	0.05025	0.05287	0.05346	0.05365	0.05092	0.05061	0.04851	0.04672	0.04719	0.04721	0.04689	0.03517
Switzerland	980763	0.02736	0.02192	0.02019	0.01775	0.01805	0.01747	0.01914	0.02592	0.03675	0.0503	0.0584	0.06319	0.05469	0.05574	0.06377	0.06436	0.0637	0.05634	0.04953	0.04551	0.04635	0.04468	0.04474	0.03419
Syria	139361	0.04548	0.03266	0.01982	0.01231	0.00922	0.01007	0.01311	0.0182	0.02462	0.03806	0.05204	0.05772	0.05954	0.06144	0.05984	0.04947	0.04542	0.04609	0.04921	0.05429	0.05639	0.06333	0.0628	0.05886
São Tomé and Príncipe	486	0.00617	0.00412	0.00206	0.00617	0.00412	0.00206	0.01852	0.03292	0.06584	0.07613	0.05144	0.05144	0.0144	0.02881	0.0535	0.10082	0.11934	0.05967	0.08848	0.03086	0.03086	0.05967	0.05761	0.03498
Taiwan	2542474	0.03969	0.02514	0.01517	0.00965	0.00661	0.00572	0.00687	0.01005	0.02234	0.04439	0.06443	0.07188	0.04263	0.0554	0.07428	0.08098	0.08124	0.06533	0.0394	0.03451	0.04396	0.05196	0.05573	0.05262
Tajikistan	2484	0.00322	0.00201	0.00805	0.0004	0.00282	0.00282	0.03422	0.05072	0.06804	0.10628	0.10668	0.08857	0.0789	0.05837	0.06562	0.06159	0.08052	0.05274	0.0628	0.02657	0.00684	0.01047	0.01047	0.01127
Tanzania	87467	0.0251	0.01506	0.00936	0.00592	0.00903	0.00855	0.01255	0.0198	0.03183	0.04961	0.06254	0.07806	0.0811	0.06757	0.07069	0.07551	0.07107	0.06314	0.05296	0.037	0.03561	0.04018	0.04253	0.03522
Thailand	830216	0.0398	0.02537	0.01549	0.01013	0.00776	0.0079	0.01139	0.01579	0.0262	0.03886	0.05416	0.05917	0.04942	0.05929	0.07199	0.07365	0.06637	0.05197	0.04104	0.04275	0.05057	0.06164	0.06397	0.05532
The Bahamas	1909	0.04348	0.01467	0.00943	0.01048	0.011	0.00419	0.00995	0.011	0.03457	0.03405	0.04767	0.05605	0.05605	0.055	0.04243	0.06705	0.04662	0.05186	0.05972	0.06496	0.07019	0.09743	0.055	0.04715
The Gambia	1787	0.04533	0.02015	0.02966	0.01623	0.01399	0.00727	0.0056	0.00672	0.00616	0.03022	0.02574	0.03861	0.06491	0.17963	0.12143	0.05596	0.05484	0.03637	0.04309	0.02462	0.0263	0.02182	0.07275	0.0526
Timor-Leste	1214	0.01153	0.00082	0.00165	0.01565	0.1112	0.00329	0.02554	0.02965	0.02306	0.05931	0.07578	0.05684	0.05931	0.07331	0.07331	0.06672	0.06672	0.09555	0.05189	0.02554	0.01565	0.01647	0.03377	0.00741
Togo	6637	0.00768	0.00648	0.00241	0.00783	0.00814	0.01718	0.01567	0.0235	0.03676	0.05499	0.06343	0.06946	0.05756	0.07624	0.08046	0.07624	0.07292	0.0788	0.0669	0.0571	0.03571	0.03691	0.03164	0.01597
Tonga	32	0.125	0.03125	0.0	0.0	0.03125	0.03125	0.0	0.0	0.09375	0.03125	0.0625	0.0	0.0	0.03125	0.03125	0.15625	0.15625	0.03125	0.0	0.0	0.03125	0.0625	0.0	0.09375
Trinidad and Tobago	12126	0.02895	0.02705	0.01633	0.01311	0.01443	0.01542	0.01509	0.02771	0.04519	0.05031	0.06169	0.05806	0.05682	0.06391	0.05426	0.04981	0.04602	0.04651	0.04404	0.05146	0.04948	0.0635	0.06028	0.04057
Tunisia	1841460	0.02976	0.01745	0.0096	0.00573	0.00399	0.00423	0.0064	0.01021	0.02191	0.04516	0.06724	0.08153	0.07121	0.06232	0.06622	0.06666	0.06265	0.05713	0.05115	0.04803	0.05077	0.05707	0.058	0.04559
Turkey	2613583	0.05002	0.02975	0.01647	0.00932	0.00618	0.00478	0.00517	0.00727	0.01545	0.03296	0.04929	0.0605	0.05116	0.0603	0.07075	0.07251	0.06588	0.05226	0.04348	0.04353	0.05076	0.06294	0.07229	0.06699
Turkmenistan	2426	0.00412	0.00165	0.00165	0.00206	0.00124	0.00247	0.00082	0.00165	0.00412	0.02308	0.03751	0.04204	0.08656	0.02432	0.03092	0.09563	0.1352	0.15087	0.10346	0.06554	0.02803	0.04699	0.05606	0.054
Turks and Caicos Islands	387	0.0155	0.00517	0.00258	0.00517	0.00517	0.00517	0.00258	0.00517	0.00517	0.0	0.02067	0.00775	0.02326	0.03618	0.05426	0.09819	0.10078	0.08786	0.09302	0.14987	0.19121	0.05426	0.0	0.03101
Tuvalu	1	0.0	0.0	0.0	0.0	0.0	0.0	0.0	0.0	0.0	0.0	0.0	0.0	0.0	0.0	0.0	0.0	1.0	0.0	0.0	0.0	0.0	0.0	0.0	0.0
U.S. Virgin Islands	282	0.03901	0.01773	0.0	0.00355	0.01064	0.00355	0.01773	0.01773	0.01064	0.12057	0.08511	0.11702	0.02482	0.06738	0.02128	0.06028	0.09574	0.08156	0.11702	0.02128	0.02128	0.01418	0.01064	0.02128
Uganda	77705	0.0335	0.02851	0.01686	0.01449	0.01508	0.0192	0.02907	0.02763	0.02842	0.04731	0.05895	0.06411	0.07123	0.05445	0.05291	0.05673	0.06446	0.05974	0.05495	0.04777	0.04215	0.041	0.03629	0.0352
Ukraine	988256	0.03015	0.01975	0.01335	0.0095	0.0074	0.00718	0.00799	0.01243	0.02103	0.03612	0.05407	0.06583	0.06932	0.06822	0.07395	0.07228	0.07015	0.0619	0.05394	0.04966	0.05034	0.05189	0.05056	0.04299
United Arab Emirates	161828	0.0342	0.02439	0.01455	0.00869	0.00657	0.0064	0.00835	0.01318	0.02432	0.045	0.06312	0.07435	0.06651	0.06286	0.07029	0.06765	0.05958	0.05417	0.04841	0.04634	0.04891	0.05174	0.05463	0.04577
United Kingdom	3695089	0.02772	0.02417	0.02159	0.02092	0.01962	0.02029	0.02255	0.02631	0.03331	0.04459	0.05492	0.06257	0.0602	0.05888	0.06368	0.06468	0.06286	0.05584	0.04886	0.04482	0.04456	0.04452	0.03879	0.03372
United States	14236732	0.04066	0.03876	0.03651	0.03528	0.03515	0.03568	0.0366	0.03813	0.04176	0.04629	0.04968	0.05013	0.04622	0.04606	0.0457	0.04433	0.04175	0.03947	0.03828	0.03988	0.04065	0.04405	0.04513	0.04386
Uruguay	187652	0.02126	0.01205	0.0061	0.00357	0.0016	0.00199	0.00306	0.00959	0.02318	0.04637	0.06819	0.08364	0.06963	0.05906	0.07402	0.08161	0.08357	0.07015	0.06084	0.05609	0.04957	0.04349	0.03868	0.03269
Uzbekistan	29017	0.0235	0.01306	0.01092	0.00769	0.00531	0.00345	0.00662	0.01099	0.02023	0.03725	0.06127	0.0762	0.07061	0.05972	0.07154	0.08102	0.08536	0.08361	0.06241	0.05118	0.04873	0.03867	0.03891	0.03174
Vanuatu	332	0.13253	0.07831	0.05422	0.0	0.0	0.0	0.0	0.0	0.0	0.00602	0.07229	0.11747	0.0241	0.02711	0.03916	0.03313	0.04217	0.21386	0.01506	0.00904	0.01205	0.00602	0.0241	0.09337
Venezuela	506506	0.02726	0.01694	0.01076	0.00744	0.00794	0.0089	0.01032	0.01614	0.02741	0.03937	0.051	0.05842	0.05055	0.05061	0.05823	0.06741	0.06709	0.06505	0.06587	0.06524	0.06328	0.06319	0.0583	0.0433
Vietnam	1607108	0.03427	0.01776	0.00982	0.00679	0.00633	0.00912	0.01265	0.01808	0.03957	0.06432	0.07923	0.06332	0.03601	0.04747	0.06741	0.07764	0.07004	0.04539	0.03218	0.03142	0.04561	0.06087	0.06768	0.05702
Wallis and Futuna	39	0.0	0.0	0.0	0.0	0.0	0.0	0.0	0.0	0.0	0.0	0.15385	0.17949	0.15385	0.02564	0.07692	0.10256	0.02564	0.10256	0.05128	0.0	0.02564	0.05128	0.05128	0.0
Yemen	34289	0.05153	0.03421	0.0245	0.01482	0.00863	0.00927	0.01199	0.01318	0.02651	0.03634	0.04727	0.05098	0.0373	0.03523	0.02706	0.03497	0.04862	0.07422	0.05862	0.06171	0.07836	0.08151	0.06734	0.06582
Zambia	7097	0.01649	0.01804	0.01226	0.01536	0.02719	0.02212	0.01691	0.01804	0.04255	0.05566	0.06439	0.07327	0.06468	0.04932	0.0775	0.07397	0.07468	0.06355	0.04946	0.04016	0.04143	0.03452	0.02719	0.02128
Zimbabwe	27405	0.01657	0.01376	0.00613	0.00671	0.00847	0.00795	0.01131	0.01503	0.03142	0.04645	0.05827	0.06762	0.06824	0.06335	0.07864	0.09079	0.0852	0.06813	0.06068	0.05134	0.04149	0.04488	0.03233	0.02525
Åland Islands	220	0.01818	0.02727	0.00455	0.00455	0.0	0.0	0.0	0.01364	0.01818	0.05	0.13182	0.06818	0.05909	0.03182	0.05909	0.09545	0.07273	0.08182	0.01364	0.09091	0.03182	0.02273	0.03182	0.07273
