lat	lng	count
-55.0	-68.5	4
-54.0	-67.5	29
-53.0	-71.0	124
-51.5	-69.0	46
-47.0	-71.0	1
-47.0	-68.0	4
-46.5	-74.0	1
-46.5	-67.5	13
-46.5	168.5	65
-46.0	-68.0	1
-46.0	-67.5	59
-46.0	170.5	46
-45.5	-72.0	18
-45.5	-68.0	19
-45.5	-67.5	3
-45.5	167.5	2
-45.0	168.5	1
-44.5	171.5	3
-44.0	-70.5	3
-43.5	-65.5	3
-43.5	-65.0	3
-43.5	172.5	389
-43.0	-65.5	3
-43.0	-65.0	23
-43.0	147.5	206
-42.5	-74.0	73
-42.5	-73.5	1
-42.5	171.0	1
-41.5	-73.0	182
-41.5	146.0	1
-41.5	147.0	31
-41.5	173.5	1
-41.5	175.0	204
-41.0	-73.0	5
-41.0	-71.5	4
-41.0	-69.5	93
-41.0	-64.0	1
-41.0	146.0	1
-41.0	147.0	9
-41.0	174.0	530
-41.0	175.0	100
-40.5	-73.0	85
-40.5	175.5	99
-40.0	-73.0	582
-40.0	-71.5	4
-40.0	175.0	93
-39.5	-73.0	1
-39.5	-72.5	2
-39.5	177.0	128
-39.0	-72.5	2
-39.0	-69.0	1
-39.0	-68.0	109
-39.0	-67.5	19
-39.0	174.0	38
-38.5	-73.0	4
-38.5	-72.5	717
-38.5	-72.0	2
-38.5	-70.5	1
-38.5	-62.5	1009
-38.5	-60.5	8
-38.5	-58.5	8
-38.5	142.0	1
-38.5	142.5	2
-38.5	144.5	1
-38.5	146.5	2
-38.5	176.0	1
-38.5	178.0	7
-38.0	-72.5	19
-38.0	-67.5	1
-38.0	-62.5	9
-38.0	-62.0	4
-38.0	-57.5	233
-38.0	142.0	6
-38.0	144.5	89
-38.0	145.0	5341
-38.0	145.5	130
-38.0	147.5	1
-38.0	175.5	682
-38.0	176.0	9
-37.5	-73.5	28
-37.5	-72.5	98
-37.5	-72.0	88
-37.5	-63.0	1
-37.5	-60.0	10
-37.5	-59.0	47
-37.5	142.5	3
-37.5	143.5	1
-37.5	144.0	14
-37.5	144.5	65
-37.5	145.0	1291
-37.5	145.5	1
-37.5	146.0	2
-37.5	147.5	2
-37.5	175.0	13
-37.5	175.5	60
-37.5	176.0	19
-37.5	176.5	14
-37.0	-73.5	11
-37.0	-73.0	1479
-37.0	-72.5	2
-37.0	-60.5	50
-37.0	-60.0	12
-37.0	-58.5	2
-37.0	144.5	2
-37.0	146.0	2
-37.0	175.0	2013
-36.5	-73.0	126
-36.5	-72.0	185
-36.5	-64.5	54
-36.5	-61.5	1
-36.5	-56.5	11
-36.5	143.5	13
-36.5	150.0	1
-36.5	174.5	15
-36.0	-72.0	3
-36.0	-71.5	4
-35.5	-72.5	2
-35.5	-71.5	484
-35.5	-69.5	9
-35.5	-64.0	28
-35.5	-62.5	31
-35.5	-60.0	1
-35.5	-59.5	1
-35.5	142.5	634
-35.5	149.0	187
-35.5	150.5	24
-35.5	174.5	10
-35.0	-71.5	238
-35.0	-64.5	1
-35.0	-63.5	165
-35.0	-62.5	1
-35.0	-61.5	51
-35.0	-60.5	4
-35.0	-60.0	5
-35.0	-59.0	9
-35.0	-58.5	365
-35.0	-58.0	604
-35.0	-56.0	822
-35.0	118.0	7
-35.0	138.5	1522
-35.0	139.0	37
-35.0	147.5	1
-35.0	149.0	338
-34.5	-71.5	21
-34.5	-71.0	2
-34.5	-68.5	9
-34.5	-61.0	29
-34.5	-60.0	10
-34.5	-59.5	7
-34.5	-59.0	105
-34.5	-58.5	12770
-34.5	-56.0	1
-34.5	19.5	4
-34.5	138.5	1
-34.5	150.0	3
-34.5	151.0	241
-34.0	-70.5	296
-34.0	-65.5	72
-34.0	-63.5	1
-34.0	-62.0	2
-34.0	-61.0	3
-34.0	-60.5	20
-34.0	-59.5	2
-34.0	-59.0	96
-34.0	-56.0	2
-34.0	18.5	1350
-34.0	19.0	326
-34.0	22.5	1
-34.0	23.0	1
-34.0	23.5	3
-34.0	25.5	13
-34.0	140.5	69
-34.0	146.0	10
-34.0	150.5	79
-34.0	151.0	4174
-34.0	151.5	51
-33.5	-71.5	47
-33.5	-71.0	20
-33.5	-70.5	19742
-33.5	-66.5	384
-33.5	-65.5	1
-33.5	-62.0	32
-33.5	-60.0	36
-33.5	-53.5	10
-33.5	19.0	155
-33.5	20.0	5
-33.5	25.5	122
-33.5	26.5	264
-33.5	150.5	6
-33.5	151.0	318
-33.5	151.5	46
-33.0	-71.5	5456
-33.0	-71.0	167
-33.0	-70.5	112
-33.0	-69.0	204
-33.0	-68.5	289
-33.0	-64.5	90
-33.0	-63.5	3
-33.0	-62.5	8
-33.0	-61.5	4
-33.0	-61.0	1
-33.0	-60.5	784
-33.0	-58.5	2
-33.0	18.0	1
-33.0	24.5	2
-33.0	28.0	124
-33.0	134.0	8
-33.0	134.5	1
-33.0	135.5	15
-33.0	151.5	107
-33.0	152.0	8
-32.5	-70.5	43
-32.5	-67.5	1
-32.5	-64.5	1
-32.5	-63.5	142
-32.5	-62.0	5
-32.5	-60.5	6
-32.5	-58.0	1
-32.5	-53.5	4
-32.5	-52.5	30
-32.5	115.5	1
-32.5	116.0	11
-32.5	149.5	20
-32.5	151.5	2
-32.0	-71.5	4
-32.0	-64.5	14
-32.0	-61.0	20
-32.0	-60.5	1
-32.0	-53.0	2
-32.0	-52.5	2433
-32.0	-52.0	705
-32.0	-51.5	10
-32.0	115.5	13
-32.0	116.0	941
-32.0	146.5	5
-32.0	150.0	2
-32.0	152.5	2
-31.5	-68.5	94
-31.5	-64.5	70
-31.5	-64.0	1532
-31.5	-63.0	12
-31.5	-62.5	1
-31.5	-62.0	19
-31.5	-61.5	19
-31.5	-61.0	13
-31.5	-60.5	562
-31.5	-58.0	35
-31.5	-54.0	88
-31.5	-53.5	13
-31.5	-53.0	7
-31.5	-52.5	44
-31.5	-52.0	5
-31.5	116.0	31
-31.0	-64.5	4
-31.0	-64.0	1
-31.0	-63.5	1
-31.0	-61.5	25
-31.0	-60.0	2
-31.0	-59.0	258
-31.0	-58.0	1
-31.0	-55.5	10
-31.0	-54.5	1
-31.0	-53.0	1
-31.0	-52.0	4
-31.0	22.0	5
-31.0	148.0	1
-31.0	151.5	2
-30.5	-71.0	5
-30.5	-66.5	2
-30.5	-61.0	3
-30.5	-60.0	13
-30.5	-54.5	15
-30.5	-53.5	35
-30.5	-51.5	28
-30.5	151.0	3
-30.5	153.0	1
-30.0	-71.5	392
-30.0	-62.0	2
-30.0	-57.0	11
-30.0	-56.0	176
-30.0	-53.5	16
-30.0	-53.0	49
-30.0	-52.5	8
-30.0	-51.5	12
-30.0	-51.0	6381
-30.0	-50.5	11
-30.0	-50.0	9
-30.0	31.0	722
-30.0	152.0	8
-29.5	-67.0	9
-29.5	-57.0	1
-29.5	-55.5	196
-29.5	-55.0	1
-29.5	-54.5	7
-29.5	-54.0	2427
-29.5	-53.5	1
-29.5	-53.0	1
-29.5	-52.5	477
-29.5	-52.0	97
-29.5	-51.5	53
-29.5	-51.0	630
-29.5	-50.5	1
-29.5	-50.0	1
-29.5	-49.5	17
-29.5	27.5	13
-29.5	30.0	3
-29.5	30.5	112
-29.5	31.0	2
-29.0	-59.5	14
-29.0	-56.5	4
-29.0	-56.0	2
-29.0	-55.0	82
-29.0	-54.0	48
-29.0	-53.5	5
-29.0	-53.0	2
-29.0	-52.5	21
-29.0	-52.0	10
-29.0	-51.5	123
-29.0	-51.0	423
-29.0	-50.0	1
-29.0	-49.5	103
-29.0	25.0	3
-29.0	26.0	106
-29.0	28.0	3
-29.0	32.0	30
-29.0	114.5	27
-29.0	153.5	1
-28.5	-71.0	3
-28.5	-66.0	4
-28.5	-59.5	2
-28.5	-56.0	42
-28.5	-55.0	134
-28.5	-54.5	143
-28.5	-54.0	901
-28.5	-53.5	97
-28.5	-53.0	54
-28.5	-52.5	415
-28.5	-52.0	76
-28.5	-51.0	13
-28.5	-49.5	184
-28.5	-49.0	108
-28.5	23.0	1
-28.5	24.5	1173
-28.5	30.0	13
-28.5	153.0	19
-28.0	-64.5	249
-28.0	-63.5	1
-28.0	-56.0	8
-28.0	-55.0	12
-28.0	-54.5	255
-28.0	-54.0	120
-28.0	-53.5	10
-28.0	-53.0	42
-28.0	-52.5	15
-28.0	-52.0	33
-28.0	-51.5	3
-28.0	-50.5	71
-28.0	-49.0	5
-28.0	-48.5	10
-28.0	32.5	7
-28.0	151.0	1
-28.0	153.0	1
-28.0	153.5	96
-27.5	-70.5	42
-27.5	-64.0	16
-27.5	-59.0	830
-27.5	-56.0	76
-27.5	-55.0	152
-27.5	-54.5	101
-27.5	-54.0	17
-27.5	-53.5	297
-27.5	-53.0	9
-27.5	-52.5	314
-27.5	-52.0	2
-27.5	-51.0	9
-27.5	-50.5	6
-27.5	-49.5	2
-27.5	-49.0	15
-27.5	-48.5	5172
-27.5	152.0	56
-27.5	152.5	1
-27.5	153.0	1876
-27.5	153.5	16
-27.0	-65.0	153
-27.0	-53.5	38
-27.0	-53.0	358
-27.0	-52.5	40
-27.0	-52.0	29
-27.0	-51.5	25
-27.0	-51.0	205
-27.0	-50.0	4
-27.0	-49.5	84
-27.0	-49.0	462
-27.0	-48.5	580
-27.0	26.5	3
-27.0	132.5	64
-27.0	133.0	1
-27.0	151.5	4
-27.0	152.5	195
-27.0	153.0	57
-26.5	-54.0	1
-26.5	-53.5	12
-26.5	-52.5	42
-26.5	-52.0	25
-26.5	-49.5	73
-26.5	-49.0	2342
-26.5	-48.5	12
-26.5	18.0	1
-26.5	27.0	22
-26.5	28.0	17
-26.5	28.5	3
-26.5	30.0	2
-26.5	31.0	1
-26.5	153.0	53
-26.0	-58.0	1
-26.0	-53.5	33
-26.0	-53.0	107
-26.0	-52.5	255
-26.0	-51.0	25
-26.0	-50.5	4
-26.0	-50.0	46
-26.0	-49.5	4
-26.0	-48.5	23
-26.0	25.5	4
-26.0	28.0	1508
-26.0	28.5	3
-26.0	29.5	19
-26.0	32.5	83
-25.5	-57.5	1458
-25.5	-54.5	613
-25.5	-54.0	14
-25.5	-53.0	8
-25.5	-52.5	37
-25.5	-52.0	7
-25.5	-51.5	172
-25.5	-51.0	6
-25.5	-50.5	6
-25.5	-50.0	2
-25.5	-49.5	5113
-25.5	-49.0	152
-25.5	-48.5	12
-25.5	28.0	992
-25.5	31.5	1
-25.0	-65.5	170
-25.0	-54.5	5
-25.0	-54.0	15
-25.0	-53.5	317
-25.0	-53.0	2
-25.0	-52.0	2
-25.0	-51.0	29
-25.0	-50.5	5
-25.0	-50.0	640
-25.0	30.0	3
-25.0	152.5	7
-24.5	-65.0	17
-24.5	-54.0	4
-24.5	-53.5	17
-24.5	-52.5	4
-24.5	-52.0	6
-24.5	-51.5	1
-24.5	-50.5	87
-24.5	-49.5	1
-24.5	-48.0	9
-24.5	-47.5	4
-24.5	26.0	723
-24.0	-65.5	27
-24.0	-54.5	7
-24.0	-54.0	18
-24.0	-53.5	18
-24.0	-53.0	2
-24.0	-52.5	56
-24.0	-52.0	1
-24.0	-51.5	19
-24.0	-50.0	3
-24.0	-49.5	6
-24.0	-49.0	1
-24.0	-48.5	5
-24.0	-48.0	6
-24.0	-47.5	8
-24.0	-47.0	65
-24.0	-46.5	701
-24.0	-46.0	18
-24.0	-45.5	6
-24.0	29.5	4
-24.0	31.0	16
-23.5	-70.5	653
-23.5	-58.5	5
-23.5	-53.5	2
-23.5	-52.5	71
-23.5	-52.0	978
-23.5	-51.5	758
-23.5	-51.0	1507
-23.5	-50.5	2
-23.5	-50.0	40
-23.5	-49.0	6
-23.5	-48.5	10
-23.5	-48.0	243
-23.5	-47.5	498
-23.5	-47.0	1296
-23.5	-46.5	43299
-23.5	-46.0	189
-23.5	-45.5	35
-23.5	-45.0	3
-23.5	17.0	2
-23.5	43.5	19
-23.0	-70.5	5
-23.0	-55.0	1
-23.0	-54.0	19
-23.0	-52.5	21
-23.0	-52.0	10
-23.0	-51.5	2
-23.0	-51.0	31
-23.0	-50.5	193
-23.0	-50.0	559
-23.0	-49.5	167
-23.0	-49.0	49
-23.0	-48.5	131
-23.0	-48.0	13
-23.0	-47.5	439
-23.0	-47.0	5668
-23.0	-46.5	45
-23.0	-46.0	2905
-23.0	-45.5	364
-23.0	-45.0	110
-23.0	-44.5	4
-23.0	-44.0	20
-23.0	-43.5	710
-23.0	-43.0	12698
-23.0	-42.5	46
-23.0	-42.0	81
-23.0	30.0	11
-23.0	30.5	3
-23.0	48.0	3
-22.5	-69.0	163
-22.5	-55.5	10
-22.5	-55.0	3
-22.5	-54.5	4
-22.5	-54.0	4
-22.5	-52.0	2
-22.5	-51.5	12
-22.5	-51.0	2
-22.5	-50.5	152
-22.5	-50.0	7
-22.5	-49.5	8
-22.5	-49.0	433
-22.5	-48.5	43
-22.5	-48.0	17
-22.5	-47.5	808
-22.5	-47.0	337
-22.5	-46.5	50
-22.5	-46.0	100
-22.5	-45.5	4405
-22.5	-45.0	214
-22.5	-44.5	75
-22.5	-44.0	151
-22.5	-43.5	30
-22.5	-43.0	288
-22.5	-42.5	112
-22.5	-42.0	258
-22.5	17.0	338
-22.5	27.0	9
-22.5	166.5	15
-22.0	-70.0	1
-22.0	-56.5	2
-22.0	-55.0	243
-22.0	-54.5	6
-22.0	-52.0	4
-22.0	-51.5	478
-22.0	-51.0	7
-22.0	-50.5	50
-22.0	-50.0	487
-22.0	-49.5	22
-22.0	-49.0	17
-22.0	-48.5	20
-22.0	-48.0	3342
-22.0	-47.5	60
-22.0	-47.0	175
-22.0	-46.5	67
-22.0	-46.0	1225
-22.0	-45.5	312
-22.0	-45.0	8
-22.0	-43.5	1369
-22.0	-43.0	31
-22.0	-42.5	85
-22.0	-42.0	30
-22.0	-41.5	314
-22.0	22.0	183
-21.5	-64.5	28
-21.5	-52.5	1
-21.5	-51.5	7
-21.5	-51.0	8
-21.5	-50.5	10
-21.5	-50.0	18
-21.5	-49.5	11
-21.5	-49.0	13
-21.5	-48.5	85
-21.5	-48.0	24
-21.5	-47.5	43
-21.5	-47.0	16
-21.5	-46.5	65
-21.5	-46.0	109
-21.5	-45.5	102
-21.5	-45.0	5
-21.5	-43.5	42
-21.5	-43.0	56
-21.5	-42.5	155
-21.5	-42.0	2
-21.5	-41.5	55
-21.5	21.5	27
-21.5	55.5	24
-21.5	141.5	4
-21.5	165.5	5
-21.0	-56.5	6
-21.0	-51.5	9
-21.0	-51.0	27
-21.0	-50.5	96
-21.0	-49.5	354
-21.0	-49.0	70
-21.0	-48.5	16
-21.0	-48.0	975
-21.0	-47.5	19
-21.0	-47.0	24
-21.0	-46.0	8
-21.0	-45.5	3
-21.0	-45.0	334
-21.0	-44.5	640
-21.0	-44.0	358
-21.0	-43.5	6
-21.0	-43.0	470
-21.0	-42.5	52
-21.0	-42.0	17
-21.0	-41.5	5
-21.0	-41.0	14
-21.0	55.0	2
-21.0	55.5	32
-20.5	-54.5	740
-20.5	-54.0	16
-20.5	-51.5	106
-20.5	-51.0	2
-20.5	-50.5	3
-20.5	-50.0	18
-20.5	-49.5	5
-20.5	-48.5	70
-20.5	-48.0	80
-20.5	-47.5	133
-20.5	-47.0	9
-20.5	-46.5	142
-20.5	-45.5	22
-20.5	-45.0	14
-20.5	-44.0	329
-20.5	-43.5	667
-20.5	-43.0	69
-20.5	-42.5	18
-20.5	-42.0	16
-20.5	-41.5	3
-20.5	-40.5	1545
-20.5	17.5	6
-20.5	30.0	775
-20.5	57.5	1063
-20.0	-70.0	336
-20.0	-51.0	1
-20.0	-50.5	30
-20.0	-50.0	3
-20.0	-49.5	3
-20.0	-49.0	8
-20.0	-46.0	52
-20.0	-45.5	1
-20.0	-45.0	224
-20.0	-44.5	60
-20.0	-44.0	8749
-20.0	-43.5	269
-20.0	-43.0	438
-20.0	-42.0	14
-20.0	-41.5	3
-20.0	-41.0	16
-20.0	-40.5	321
-20.0	28.5	1
-20.0	47.0	199
-20.0	57.5	1838
-19.5	-51.0	2
-19.5	-49.0	4
-19.5	-48.0	340
-19.5	-47.0	66
-19.5	-46.5	2
-19.5	-46.0	10
-19.5	-45.5	4
-19.5	-45.0	6
-19.5	-44.5	12
-19.5	-44.0	274
-19.5	-43.5	1
-19.5	-43.0	1303
-19.5	-42.5	161
-19.5	-41.0	7
-19.5	-40.5	18
-19.5	-40.0	23
-19.5	46.5	31
-19.5	63.5	85
-19.5	147.0	184
-19.0	-65.5	6
-19.0	-57.5	1
-19.0	-55.0	3
-19.0	-50.0	4
-19.0	-49.5	43
-19.0	-48.5	2022
-19.0	-47.0	5
-19.0	-46.5	6
-19.0	-43.0	22
-19.0	-42.0	37
-19.0	-41.5	2
-19.0	-41.0	4
-19.0	47.5	84
-18.5	-70.5	202
-18.5	-55.0	1
-18.5	-49.5	5
-18.5	-49.0	16
-18.5	-48.5	8
-18.5	-48.0	19
-18.5	-47.5	37
-18.5	-47.0	1
-18.5	-46.5	254
-18.5	-44.5	15
-18.5	-42.5	3
-18.5	-40.5	2
-18.5	-40.0	40
-18.5	35.5	85
-18.0	-70.0	10
-18.0	-67.0	48
-18.0	-63.0	63
-18.0	-51.5	47
-18.0	-50.5	19
-18.0	-49.5	7
-18.0	-48.0	56
-18.0	-47.0	1
-18.0	-43.5	16
-18.0	-41.5	1
-18.0	15.5	2
-18.0	16.0	9
-18.0	31.0	2086
-18.0	49.5	5
-18.0	178.5	702
-17.5	-149.5	46
-17.5	-66.0	696
-17.5	-63.5	2
-17.5	-51.0	3
-17.5	-49.0	9
-17.5	-48.5	7
-17.5	-46.0	1
-17.5	-45.0	9
-17.5	-42.5	52
-17.5	-42.0	42
-17.5	-40.0	7
-17.5	16.0	7
-17.5	24.5	50
-17.0	-65.0	9
-17.0	-50.0	60
-17.0	-47.0	8
-17.0	-44.0	9
-17.0	-42.5	4
-17.0	-42.0	6
-17.0	-41.5	2
-17.0	145.5	293
-16.5	-71.5	2313
-16.5	-68.0	1601
-16.5	-56.5	16
-16.5	-54.5	19
-16.5	-50.0	28
-16.5	-49.5	2339
-16.5	-49.0	199
-16.5	-48.5	2
-16.5	-48.0	4
-16.5	-47.0	8
-16.5	-45.0	3
-16.5	-44.0	264
-16.5	-42.0	3
-16.5	-41.0	1
-16.5	-40.0	1
-16.5	-39.5	13
-16.5	-39.0	12
-16.0	-146.5	16
-16.0	-70.0	44
-16.0	-55.0	10
-16.0	-54.5	2
-16.0	-52.5	11
-16.0	-50.0	6
-16.0	-49.5	3
-16.0	-49.0	2
-16.0	-48.5	18
-16.0	-48.0	5429
-16.0	-44.5	3
-16.0	-43.5	2
-16.0	-41.5	138
-16.0	35.0	5
-15.5	-70.0	1
-15.5	-56.5	1
-15.5	-56.0	1030
-15.5	-49.5	15
-15.5	-49.0	4
-15.5	-48.0	49
-15.5	-47.5	7
-15.5	-44.5	2
-15.5	-43.0	1
-15.5	-41.5	1
-15.5	-41.0	4
-15.5	28.5	335
-15.5	29.0	10
-15.0	-67.0	110
-15.0	-65.0	1
-15.0	-59.5	4
-15.0	-57.5	3
-15.0	-57.0	17
-15.0	-50.0	42
-15.0	-49.0	3
-15.0	-42.0	6
-15.0	-41.0	302
-15.0	-40.5	14
-15.0	-39.5	352
-15.0	-39.0	163
-14.5	-170.5	1
-14.5	-49.0	2
-14.5	-44.0	3
-14.5	-43.0	4
-14.5	-42.5	5
-14.5	-42.0	106
-14.5	-41.5	6
-14.5	-41.0	1
-14.5	-40.5	1
-14.5	-39.5	47
-14.5	28.5	164
-14.0	-75.5	505
-14.0	-46.5	4
-14.0	-43.0	4
-14.0	-42.5	11
-14.0	-41.5	1
-14.0	-40.0	2
-14.0	-39.5	5
-14.0	34.0	18
-13.5	-172.5	3
-13.5	-72.0	322
-13.5	-66.0	80
-13.5	-50.0	4
-13.5	-49.0	2
-13.5	-43.5	4
-13.5	-40.5	1
-13.5	-39.0	2
-13.5	34.0	163
-13.0	-74.0	52
-13.0	-39.5	202
-13.0	-39.0	1
-13.0	-38.5	3614
-13.0	28.0	1
-13.0	143.0	1
-13.0	143.5	1
-12.5	-55.5	10
-12.5	-40.5	6
-12.5	-39.5	3
-12.5	-39.0	455
-12.5	-38.5	119
-12.5	13.5	3
-12.5	17.0	5
-12.5	131.0	12
-12.0	-77.0	45830
-12.0	-76.5	3
-12.0	-75.0	2
-12.0	-55.5	156
-12.0	-45.0	44
-12.0	20.0	42
-12.0	26.5	131
-11.5	-61.5	8
-11.5	-49.0	49
-11.5	-42.0	16
-11.5	-39.5	9
-11.5	-39.0	41
-11.5	-38.5	2
-11.5	-37.5	45
-11.5	27.5	1
-11.0	-62.0	1
-11.0	-40.5	5
-11.0	-37.5	30
-11.0	-37.0	2222
-10.5	-62.5	4
-10.5	-51.5	4
-10.5	-40.0	1
-10.5	-39.0	16
-10.5	-38.5	2
-10.5	-38.0	3
-10.5	-37.5	113
-10.5	-37.0	8
-10.5	-36.5	51
-10.0	-68.0	85
-10.0	-67.0	1
-10.0	-63.0	7
-10.0	-56.0	8
-10.0	-48.5	252
-10.0	-38.5	1
-10.0	-37.5	18
-10.0	-37.0	1
-10.0	-36.5	67
-10.0	-36.0	4
-10.0	123.5	88
-9.5	-40.5	281
-9.5	-38.5	53
-9.5	-38.0	27
-9.5	-37.5	6
-9.5	-37.0	3
-9.5	-36.5	34
-9.5	-36.0	12
-9.5	-35.5	1278
-9.5	28.5	41
-9.5	147.0	11
-9.5	160.0	6
-9.0	-78.5	14
-9.0	-64.0	219
-9.0	-46.0	9
-9.0	-42.5	9
-9.0	-39.0	15
-9.0	-38.5	1
-9.0	-37.0	4
-9.0	-36.5	392
-9.0	-36.0	1
-9.0	-35.0	1
-9.0	13.5	116
-9.0	33.5	3
-9.0	115.0	7
-8.5	-42.5	3
-8.5	-38.5	5
-8.5	-36.5	216
-8.5	-36.0	37
-8.5	-35.5	33
-8.5	-35.0	27
-8.5	115.0	1880
-8.5	115.5	69
-8.5	116.0	569
-8.5	116.5	5
-8.5	117.5	17
-8.5	125.5	3
-8.0	-79.0	280
-8.0	-77.5	7
-8.0	-41.0	6
-8.0	-39.0	25
-8.0	-38.5	98
-8.0	-38.0	26
-8.0	-37.5	5
-8.0	-37.0	43
-8.0	-36.0	22
-8.0	-35.5	237
-8.0	-35.0	10047
-8.0	110.5	22994
-8.0	111.0	163
-8.0	111.5	76
-8.0	112.0	327
-8.0	112.5	7840
-8.0	113.0	66
-8.0	113.5	1526
-8.0	114.0	78
-8.0	114.5	227
-8.0	131.0	293
-8.0	146.0	13
-7.5	-63.0	1
-7.5	-49.0	4
-7.5	-46.0	46
-7.5	-44.5	8
-7.5	-43.0	1
-7.5	-41.0	2
-7.5	-40.5	16
-7.5	-39.5	29
-7.5	-39.0	5
-7.5	-38.0	30
-7.5	-37.5	38
-7.5	-37.0	13
-7.5	-36.5	2
-7.5	-35.5	29
-7.5	-35.0	20
-7.5	108.0	417
-7.5	108.5	77
-7.5	109.0	542
-7.5	109.5	597
-7.5	110.0	1099
-7.5	110.5	5171
-7.5	111.0	4575
-7.5	111.5	400
-7.5	112.0	342
-7.5	112.5	2171
-7.5	113.0	1170
-7.5	114.0	31
-7.0	-80.0	587
-7.0	-78.5	16
-7.0	-48.0	57
-7.0	-45.5	18
-7.0	-44.5	4
-7.0	-41.5	434
-7.0	-40.5	1
-7.0	-39.5	266
-7.0	-38.5	20
-7.0	-38.0	4
-7.0	-37.5	112
-7.0	-37.0	1
-7.0	-36.5	39
-7.0	-36.0	921
-7.0	-35.5	123
-7.0	-35.0	3500
-7.0	37.5	1
-7.0	39.0	3091
-7.0	107.0	966
-7.0	107.5	59548
-7.0	108.0	426
-7.0	108.5	183
-7.0	109.0	4
-7.0	109.5	113
-7.0	110.0	361
-7.0	110.5	12919
-7.0	111.0	128
-7.0	111.5	19
-7.0	112.0	107
-7.0	112.5	38379
-7.0	113.0	2269
-6.5	-80.0	40
-6.5	-48.5	55
-6.5	-47.5	64
-6.5	-43.5	5
-6.5	-41.5	10
-6.5	-40.0	2
-6.5	-39.5	170
-6.5	-39.0	2
-6.5	-38.5	2
-6.5	-38.0	11
-6.5	-37.5	38
-6.5	-37.0	48
-6.5	-36.5	146
-6.5	-36.0	2
-6.5	-35.0	16
-6.5	106.0	1451
-6.5	106.5	4290
-6.5	107.0	2083
-6.5	107.5	416
-6.5	108.0	153
-6.5	108.5	1191
-6.5	110.5	286
-6.5	111.5	24
-6.5	147.0	6
-6.0	-56.5	3
-6.0	-50.0	3
-6.0	-44.0	6
-6.0	-39.5	20
-6.0	-38.5	12
-6.0	-38.0	94
-6.0	-37.5	1
-6.0	-36.0	16
-6.0	-35.5	380
-6.0	-35.0	2478
-6.0	36.0	379
-6.0	39.0	30
-6.0	106.5	5010
-6.0	107.0	421917
-5.5	-49.0	148
-5.5	-48.0	1
-5.5	-47.5	149
-5.5	-40.5	2
-5.5	-39.5	112
-5.5	-39.0	32
-5.5	-38.0	3
-5.5	-37.0	54
-5.5	-36.5	34
-5.5	-36.0	1
-5.5	-35.5	22
-5.5	35.0	3859
-5.5	105.5	1128
-5.0	-80.5	406
-5.0	-47.5	33
-5.0	-43.5	27
-5.0	-43.0	1772
-5.0	-42.5	28
-5.0	-42.0	9
-5.0	-40.5	2
-5.0	-39.5	11
-5.0	-39.0	88
-5.0	-38.5	4
-5.0	-38.0	65
-5.0	-37.5	1075
-5.0	-36.5	19
-5.0	119.5	1743
-4.5	-56.0	1
-4.5	-42.0	1
-4.5	-40.5	6
-4.5	-40.0	15
-4.5	-39.5	6
-4.5	-39.0	10
-4.5	-38.0	5
-4.5	15.5	5
-4.5	55.5	71
-4.5	123.0	29
-4.0	-79.0	1938
-4.0	-50.0	20
-4.0	-49.5	6
-4.0	-41.0	15
-4.0	-40.5	8
-4.0	-39.5	10
-4.0	-38.5	130
-4.0	-38.0	26
-4.0	39.5	1
-4.0	102.5	279
-4.0	119.5	38
-4.0	120.0	6
-4.0	122.5	9
-3.5	-80.0	418
-3.5	-73.5	220
-3.5	-60.5	15
-3.5	-53.0	7
-3.5	-45.5	6
-3.5	-45.0	7
-3.5	-43.5	11
-3.5	-41.0	13
-3.5	-40.5	46
-3.5	-39.5	43
-3.5	-39.0	23
-3.5	-38.5	19
-3.5	29.5	5
-3.5	30.0	14
-3.5	36.5	4
-3.5	37.5	22
-3.5	104.0	35
-3.5	114.5	565
-3.5	115.0	16
-3.5	120.5	33
-3.5	128.0	168
-3.0	-79.0	9436
-3.0	-60.0	1725
-3.0	-58.0	7
-3.0	-52.0	15
-3.0	-47.5	1
-3.0	-45.0	37
-3.0	-43.5	1
-3.0	-42.0	20
-3.0	-41.5	6735
-3.0	-41.0	8
-3.0	-40.5	1
-3.0	-40.0	4
-3.0	104.5	1971
-3.0	107.5	4
-3.0	115.0	1
-3.0	115.5	8
-3.0	120.0	3
-2.5	-79.0	21
-2.5	-54.5	82
-2.5	-45.0	2
-2.5	-44.5	994
-2.5	-44.0	4
-2.5	33.0	1
-2.5	106.0	37
-2.5	106.5	28
-2.5	112.5	1
-2.5	113.0	2
-2.5	115.5	2
-2.5	121.0	19
-2.5	140.5	1
-2.0	-81.0	7
-2.0	-80.0	8053
-2.0	-79.5	373
-2.0	-56.0	6
-2.0	-49.0	7
-2.0	30.0	1046
-2.0	114.0	52
-2.0	115.0	45
-1.5	-79.5	3
-1.5	-78.5	7094
-1.5	-78.0	18
-1.5	-49.0	34
-1.5	-48.5	3398
-1.5	-48.0	84
-1.5	-47.5	5
-1.5	37.0	1659
-1.5	37.5	1
-1.5	103.5	233
-1.0	-80.5	352
-1.0	-80.0	7
-1.0	-78.5	97
-1.0	-47.5	3
-1.0	-47.0	76
-1.0	12.0	51
-1.0	15.0	7
-1.0	37.0	1
-1.0	100.5	2982
-1.0	117.0	57
-1.0	120.0	47
-0.5	-80.0	2
-0.5	-78.5	3613
-0.5	-65.5	8
-0.5	-65.0	338
-0.5	-48.5	1
-0.5	36.0	9
-0.5	37.0	2
-0.5	98.5	7
-0.5	100.5	134
-0.5	117.0	275
0.0	-80.0	7
0.0	-79.0	303
0.0	-78.5	34309
0.0	-78.0	4
0.0	-51.0	119
0.0	35.0	7
0.0	109.5	869
0.0	117.5	6
0.5	-78.0	1119
0.5	9.5	8
0.5	25.0	87
0.5	32.5	15201
0.5	101.5	2580
0.5	102.0	5
0.5	123.0	9
1.0	-77.5	419
1.0	32.0	378
1.0	38.0	7
1.0	99.0	6
1.0	102.5	53
1.0	104.0	1122
1.0	104.5	2
1.0	127.5	23
1.5	-75.5	5
1.5	99.0	39
1.5	101.5	38
1.5	103.5	6448
1.5	104.0	8768
1.5	110.5	1545
1.5	125.0	365
2.0	45.5	200
2.0	100.0	3
2.0	102.5	6357
2.0	103.0	1160
2.0	103.5	33
2.0	111.5	432
2.5	100.0	312
2.5	102.0	5886
2.5	102.5	55
2.5	103.0	235
2.5	112.0	75
3.0	-76.5	1
3.0	-75.5	45
3.0	99.0	38
3.0	101.5	56286
3.0	102.0	6673
3.0	102.5	2
3.0	112.5	20820
3.0	113.0	61
3.0	117.5	22
3.5	-76.5	2290
3.5	73.0	5
3.5	98.0	1
3.5	98.5	8192
3.5	99.0	35
3.5	101.0	1786
3.5	101.5	277
3.5	102.0	45
3.5	102.5	108
3.5	103.0	457
3.5	103.5	157
3.5	108.0	192
3.5	117.5	12
4.0	-76.5	19
4.0	-76.0	61
4.0	-74.0	1
4.0	-73.5	95
4.0	-59.5	1
4.0	9.0	38
4.0	10.0	1371
4.0	11.5	357
4.0	73.5	188
4.0	100.5	83
4.0	101.0	70
4.0	101.5	1493
4.0	102.0	32
4.0	102.5	8
4.0	103.0	742
4.0	103.5	97
4.5	-76.0	36
4.5	-75.5	95
4.5	-75.0	888
4.5	-74.5	8
4.5	-74.0	30567
4.5	98.0	9
4.5	101.0	3610
4.5	103.5	3
4.5	114.0	374
4.5	114.5	1
5.0	-76.0	8
5.0	-75.5	1567
5.0	-74.5	8
5.0	-74.0	205
5.0	-53.5	1
5.0	-52.5	10
5.0	7.0	233
5.0	97.0	15
5.0	100.5	103
5.0	101.0	189
5.0	103.0	19
5.0	103.5	87
5.0	114.5	226
5.0	115.0	3312
5.0	118.5	8
5.5	-74.5	27
5.5	-73.5	245
5.5	-73.0	44
5.5	-72.5	1
5.5	-4.0	1437
5.5	-2.0	51
5.5	0.0	3993
5.5	6.0	82
5.5	7.0	1
5.5	10.5	20
5.5	12.0	3449
5.5	95.5	2019
5.5	100.0	651
5.5	100.5	5993
5.5	101.0	24
5.5	102.5	1
5.5	103.0	1160
5.5	115.0	2
5.5	115.5	7
5.5	116.0	21
6.0	-75.5	859
6.0	-73.0	11
6.0	-55.0	354
6.0	1.0	54
6.0	7.0	38
6.0	10.0	27
6.0	100.5	1281
6.0	102.0	91
6.0	102.5	32
6.0	116.0	1351
6.0	116.5	52
6.0	118.0	17
6.0	125.0	19
6.5	-75.5	10069
6.5	-9.5	74
6.5	-1.5	51
6.5	2.5	279
6.5	3.5	5335
6.5	4.0	1
6.5	5.5	43
6.5	7.5	167
6.5	100.0	647
6.5	100.5	5428
6.5	101.5	5
6.5	102.0	2
6.5	122.0	41
6.5	125.0	2
7.0	-74.0	49
7.0	-73.0	1451
7.0	-58.0	219
7.0	7.5	70
7.0	45.5	2233
7.0	80.0	17025
7.0	81.0	12699
7.0	100.5	399
7.0	101.0	17
7.0	101.5	2
7.0	122.0	8
7.0	125.5	859
7.0	126.0	173
7.5	-72.5	1
7.5	4.0	1109
7.5	5.0	344
7.5	80.5	3
7.5	99.5	1
7.5	100.0	1
8.0	-81.0	23
8.0	-80.5	210
8.0	-72.5	442
8.0	-72.0	234
8.0	-11.0	1
8.0	-5.0	365
8.0	-2.0	1845
8.0	13.0	30
8.0	34.5	547
8.0	38.0	10883
8.0	77.5	16140
8.0	98.5	300
8.0	99.0	4
8.0	123.5	1
8.0	124.0	4517
8.5	-82.5	331
8.5	-80.5	3
8.5	-71.0	280
8.5	-70.0	23
8.5	-66.0	366
8.5	-62.5	23
8.5	-13.0	4
8.5	-5.5	344
8.5	-5.0	8
8.5	1.0	6
8.5	4.5	37
8.5	39.5	67
8.5	76.5	13
8.5	77.0	28137
8.5	77.5	555
8.5	78.0	15723
8.5	100.0	30
8.5	124.5	76
9.0	-82.5	53
9.0	-80.0	501
9.0	-79.5	1364
9.0	-76.0	3867
9.0	-70.5	1
9.0	-66.0	1
9.0	-65.5	845
9.0	2.5	587
9.0	7.0	1166
9.0	7.5	1
9.0	12.5	104
9.0	39.0	13621
9.0	76.5	9916
9.0	77.0	781
9.0	77.5	99
9.0	78.0	3333
9.0	78.5	9
9.0	98.5	16
9.0	99.0	256
9.0	105.0	5
9.0	125.5	12
9.0	126.0	12
9.5	-84.5	2
9.5	-84.0	1
9.5	-80.0	21
9.5	-75.5	2
9.5	-70.5	12
9.5	-69.0	12
9.5	-63.0	7
9.5	-13.5	3
9.5	6.5	1466
9.5	42.0	161
9.5	76.5	28289
9.5	77.0	2514
9.5	77.5	1229
9.5	78.0	2921
9.5	79.0	381
9.5	80.0	19
9.5	106.0	8
9.5	106.5	1
9.5	123.5	2
10.0	-85.0	2
10.0	-84.5	59
10.0	-84.0	1764
10.0	-83.5	9
10.0	-71.5	36
10.0	-69.5	496
10.0	-69.0	55
10.0	-68.5	55
10.0	-68.0	1066
10.0	-67.5	1563
10.0	-67.0	49
10.0	-64.5	7
10.0	-61.5	7
10.0	8.0	3455
10.0	34.5	260
10.0	76.0	3854
10.0	76.5	70825
10.0	77.0	3823
10.0	77.5	1983
10.0	78.0	66376
10.0	78.5	36
10.0	79.0	250
10.0	98.5	8
10.0	105.5	195
10.0	106.0	239
10.0	106.5	39
10.0	119.0	23
10.5	-85.5	12
10.5	-84.5	51
10.5	-75.5	189
10.5	-73.0	22
10.5	-71.5	670
10.5	-69.5	38
10.5	-68.5	15
10.5	-68.0	9
10.5	-67.5	1
10.5	-67.0	9859
10.5	-66.5	128
10.5	-66.0	2
10.5	-63.0	5
10.5	-61.5	437
10.5	-61.0	2
10.5	7.5	1539
10.5	48.5	753
10.5	76.0	15315
10.5	77.0	5
10.5	77.5	1030
10.5	79.0	3596
10.5	79.5	3953
10.5	99.0	4
10.5	105.0	2
10.5	105.5	29
10.5	106.5	38
10.5	107.0	136
10.5	122.5	9
10.5	123.0	56
10.5	124.0	3534
11.0	-75.0	857
11.0	-74.0	77
11.0	-64.0	17
11.0	-10.5	4
11.0	7.5	3699
11.0	48.5	121
11.0	76.0	16672
11.0	76.5	4770
11.0	77.0	69989
11.0	77.5	8558
11.0	78.0	19591
11.0	78.5	16192
11.0	79.0	1697
11.0	79.5	1255
11.0	80.0	1987
11.0	106.5	33282
11.0	107.0	218
11.0	108.5	27
11.0	122.5	1
11.0	123.0	1
11.0	124.5	3
11.0	125.0	1424
11.5	-73.0	1
11.5	75.5	415
11.5	76.0	14623
11.5	76.5	433
11.5	77.0	521
11.5	77.5	9980
11.5	78.0	8935
11.5	78.5	6
11.5	79.5	2689
11.5	80.0	2275
11.5	105.0	3985
11.5	106.0	11
11.5	109.0	6
11.5	122.5	493
12.0	-86.5	22
12.0	-86.0	1203
12.0	-85.5	4
12.0	-69.0	5
12.0	-61.5	2
12.0	41.5	262
12.0	75.5	5740
12.0	76.0	223
12.0	76.5	68
12.0	77.0	6
12.0	78.0	73
12.0	79.0	280
12.0	79.5	2629
12.0	80.0	18427
12.0	107.0	2
12.0	108.5	11
12.0	109.0	184
12.0	125.0	1
12.5	-87.0	2
12.5	-8.0	23
12.5	-1.5	427
12.5	37.5	24
12.5	75.0	531
12.5	75.5	33
12.5	76.0	134
12.5	76.5	13934
12.5	77.0	66
12.5	77.5	182
12.5	78.0	499
12.5	79.5	101
12.5	80.0	1414
12.5	100.0	13
12.5	101.0	5
12.5	101.5	60
12.5	102.0	15
12.5	108.0	164
12.5	109.0	1
13.0	-86.5	2
13.0	-59.5	212
13.0	-2.0	26
13.0	5.0	19
13.0	75.0	11550
13.0	76.0	490
13.0	76.5	11
13.0	77.5	247996
13.0	78.0	223
13.0	78.5	96
13.0	79.0	34347
13.0	79.5	1221
13.0	80.0	727
13.0	80.5	328911
13.0	100.0	49
13.0	101.0	148
13.0	101.5	2
13.0	105.0	103
13.0	108.0	25
13.0	109.5	17
13.0	121.5	2
13.0	122.0	78
13.0	123.5	107
13.5	-89.5	6
13.5	-89.0	293
13.5	-59.5	232
13.5	-16.5	15
13.5	2.0	33
13.5	74.5	128
13.5	75.0	1444
13.5	75.5	33
13.5	76.0	149
13.5	76.5	6
13.5	77.0	91
13.5	77.5	6
13.5	78.5	57
13.5	79.5	2446
13.5	80.0	147
13.5	100.0	150
13.5	100.5	186
13.5	101.0	829
13.5	101.5	2
13.5	121.0	2
13.5	123.0	71
13.5	123.5	2
13.5	145.0	200
14.0	-89.0	98
14.0	-87.0	633
14.0	-13.5	447
14.0	38.5	670
14.0	74.5	485
14.0	75.0	32
14.0	75.5	1249
14.0	78.0	73
14.0	99.0	1
14.0	99.5	6
14.0	100.0	213
14.0	100.5	18010
14.0	101.0	81
14.0	108.0	27
14.0	109.0	365
14.0	121.0	1094
14.0	121.5	810
14.5	-90.5	590
14.5	-87.5	7
14.5	-61.0	23
14.5	18.5	4
14.5	74.5	19
14.5	75.0	558
14.5	75.5	15
14.5	76.0	62
14.5	77.5	2108
14.5	78.0	58
14.5	78.5	457
14.5	79.0	791
14.5	80.0	77927
14.5	100.0	11
14.5	100.5	55
14.5	101.0	9
14.5	104.5	6
14.5	120.5	414
14.5	121.0	87515
14.5	121.5	217
15.0	-92.5	27
15.0	-91.5	1
15.0	-23.5	37
15.0	-17.5	3093
15.0	31.5	12460
15.0	39.0	16
15.0	48.0	130
15.0	74.0	147
15.0	74.5	443
15.0	76.5	1
15.0	77.0	251
15.0	77.5	31
15.0	78.0	330
15.0	78.5	91
15.0	79.5	25
15.0	80.0	73
15.0	100.0	2
15.0	102.0	253
15.0	102.5	87
15.0	103.0	7
15.0	103.5	26
15.0	104.5	5
15.0	105.0	94
15.0	109.0	152
15.0	120.5	1181
15.0	121.0	1812
15.0	121.5	868
15.0	145.5	5
15.5	-91.5	25
15.5	-88.0	19
15.5	-61.5	49
15.5	32.5	597
15.5	44.0	2267
15.5	74.0	6493
15.5	75.0	2303
15.5	75.5	17
15.5	76.5	195
15.5	77.0	169
15.5	77.5	69
15.5	78.5	20829
15.5	79.5	226
15.5	80.0	1093
15.5	100.0	12
15.5	105.0	7
15.5	108.5	29
15.5	120.5	2865
15.5	121.0	521
16.0	-97.0	6
16.0	-96.5	3
16.0	-95.0	11
16.0	-92.5	4
16.0	-87.0	1
16.0	-61.5	174
16.0	73.5	3
16.0	74.5	1446
16.0	75.5	99
16.0	76.0	35
16.0	77.5	81
16.0	78.0	3484
16.0	79.5	538
16.0	80.0	29
16.0	80.5	301
16.0	81.0	408
16.0	102.0	3
16.0	103.5	4
16.0	104.0	4
16.0	108.0	1359
16.0	108.5	23
16.0	120.5	83
16.0	121.0	14
16.5	-95.0	57
16.5	-94.0	110
16.5	-93.5	57
16.5	-93.0	4
16.5	-92.5	29
16.5	-62.0	5
16.5	-61.5	18
16.5	-3.5	20
16.5	73.5	19
16.5	74.0	4776
16.5	74.5	169
16.5	75.0	3
16.5	75.5	22
16.5	77.0	60
16.5	80.5	36821
16.5	81.0	7093
16.5	81.5	2118
16.5	82.0	279
16.5	99.5	3
16.5	102.5	268
16.5	103.0	134
16.5	103.5	17
16.5	104.0	1
16.5	107.5	171
16.5	120.5	372
16.5	121.0	2
17.0	-100.0	68
17.0	-97.0	6
17.0	-96.5	290
17.0	-93.5	347
17.0	-93.0	17
17.0	-62.5	14
17.0	8.0	8
17.0	42.5	11
17.0	49.5	2
17.0	73.5	28
17.0	74.5	7157
17.0	75.5	222
17.0	78.0	18
17.0	79.5	1922
17.0	80.0	1769
17.0	81.0	116
17.0	81.5	8417
17.0	82.0	7376
17.0	96.0	3215
17.0	99.0	1
17.0	100.0	172
17.0	100.5	29
17.0	102.5	1
17.0	103.0	70
17.0	107.0	104
17.0	121.5	84
17.0	122.0	2
17.5	-101.5	13
17.5	-99.5	100
17.5	-99.0	3
17.5	-98.5	4
17.5	-93.0	1
17.5	-89.0	6
17.5	-88.0	20
17.5	-64.5	12
17.5	8.0	4
17.5	44.0	1
17.5	73.5	212
17.5	74.0	259
17.5	74.5	386
17.5	75.0	30
17.5	75.5	78
17.5	76.0	3166
17.5	77.0	150
17.5	78.0	101
17.5	78.5	182349
17.5	80.5	242
17.5	82.5	6
17.5	83.0	176069
17.5	100.0	14
17.5	101.5	7
17.5	103.0	100
17.5	104.0	1
17.5	106.5	2
17.5	121.5	7
18.0	-102.0	7
18.0	-100.0	2
18.0	-96.0	43
18.0	-95.0	18
18.0	-94.5	347
18.0	-94.0	7
18.0	-93.5	12
18.0	-93.0	131
18.0	-92.5	1
18.0	-91.5	106
18.0	-91.0	10
18.0	-77.0	93
18.0	-67.0	279
18.0	-66.5	6
18.0	-66.0	19
18.0	-65.5	5
18.0	-16.0	53
18.0	42.5	27
18.0	73.0	28
18.0	73.5	46
18.0	74.5	555
18.0	75.5	6
18.0	76.0	15
18.0	77.5	60
18.0	78.5	67
18.0	79.0	10
18.0	79.5	18572
18.0	80.5	2
18.0	82.0	21
18.0	83.0	13
18.0	83.5	355
18.0	99.5	1
18.0	100.0	1
18.0	102.5	113
18.0	105.0	11
18.0	106.0	6
18.0	106.5	112
18.0	120.5	9
18.5	-100.0	6
18.5	-99.5	71
18.5	-99.0	87
18.5	-98.5	1
18.5	-98.0	3
18.5	-97.5	8
18.5	-96.5	27
18.5	-95.0	8
18.5	-93.0	210
18.5	-92.0	86
18.5	-88.5	39
18.5	-72.5	9
18.5	-70.0	1261
18.5	-67.0	14
18.5	-66.5	23
18.5	-66.0	245
18.5	-65.5	2
18.5	-65.0	7
18.5	-64.5	553
18.5	43.0	1
18.5	73.0	232
18.5	73.5	9
18.5	74.0	142027
18.5	74.5	79
18.5	76.5	987
18.5	77.0	21
18.5	78.0	121
18.5	79.0	466
18.5	83.0	14
18.5	84.0	221
18.5	99.0	52
18.5	99.5	78
18.5	105.5	318
18.5	106.0	29
19.0	-104.5	23
19.0	-104.0	47
19.0	-103.5	211
19.0	-101.5	2
19.0	-100.5	6
19.0	-100.0	9
19.0	-99.5	94
19.0	-99.0	2665
19.0	-98.5	38
19.0	-98.0	1069
19.0	-97.0	647
19.0	-96.5	3
19.0	-96.0	1250
19.0	-88.5	4
19.0	73.0	227640
19.0	73.5	5563
19.0	74.0	7
19.0	74.5	1560
19.0	75.0	1404
19.0	76.0	2
19.0	76.5	8
19.0	77.0	3
19.0	77.5	326
19.0	79.5	5
19.0	82.5	14
19.0	83.5	24
19.0	84.0	119
19.0	99.0	358
19.0	100.0	10
19.0	105.5	16
19.5	-156.0	1
19.5	-155.0	34
19.5	-104.5	11
19.5	-104.0	15
19.5	-103.5	54
19.5	-102.5	1
19.5	-102.0	105
19.5	-101.5	163
19.5	-101.0	1078
19.5	-100.5	128
19.5	-100.0	72
19.5	-99.5	1476
19.5	-99.0	15733
19.5	-98.5	62
19.5	-98.0	296
19.5	-97.5	3
19.5	-97.0	561
19.5	-96.5	945
19.5	-81.5	1
19.5	-70.5	105
19.5	-70.0	1
19.5	73.0	2216
19.5	73.5	51
19.5	74.0	2153
19.5	76.0	10
19.5	76.5	28
19.5	77.0	2383
19.5	77.5	24
19.5	78.0	15
19.5	78.5	24
19.5	85.0	85
19.5	98.0	4
19.5	105.0	3
19.5	106.0	1
19.5	109.5	25
20.0	-105.5	1
20.0	-104.5	18
20.0	-104.0	13
20.0	-103.5	21
20.0	-103.0	9
20.0	-102.5	117
20.0	-102.0	43
20.0	-101.5	30
20.0	-101.0	172
20.0	-100.5	21
20.0	-100.0	3
20.0	-99.5	26
20.0	-99.0	634
20.0	-98.5	185
20.0	-98.0	48
20.0	-97.5	13
20.0	-97.0	53
20.0	-90.5	230
20.0	-87.5	3
20.0	42.5	27
20.0	56.5	86
20.0	72.5	524
20.0	73.0	13
20.0	74.0	9522
20.0	74.5	13
20.0	75.0	59
20.0	75.5	6163
20.0	76.0	36
20.0	77.0	431458
20.0	79.5	71
20.0	84.5	67
20.0	85.5	53
20.0	86.0	9
20.0	86.5	12
20.0	100.0	85
20.0	105.5	464
20.0	106.0	50
20.0	110.0	546
20.5	-105.0	277
20.5	-104.0	8
20.5	-103.5	4835
20.5	-103.0	139
20.5	-102.5	123
20.5	-102.0	28
20.5	-101.5	509
20.5	-101.0	818
20.5	-100.5	624
20.5	-100.0	284
20.5	-99.5	426
20.5	-99.0	391
20.5	-98.5	6
20.5	-98.0	1
20.5	-97.5	25
20.5	-90.0	5
20.5	-89.5	11
20.5	-87.0	13
20.5	-12.5	45
20.5	71.0	815
20.5	73.0	1174
20.5	74.5	50
20.5	75.0	10
20.5	75.5	45
20.5	76.0	47
20.5	76.5	84
20.5	77.0	232
20.5	77.5	23
20.5	78.0	1311
20.5	78.5	486
20.5	85.5	16
20.5	86.0	14737
20.5	105.0	1
20.5	106.0	243
20.5	106.5	25
21.0	-157.0	1
21.0	-156.5	95
21.0	-105.5	23
21.0	-105.0	18
21.0	-104.5	4
21.0	-104.0	3
21.0	-103.5	2
21.0	-103.0	136
21.0	-102.5	89
21.0	-102.0	5
21.0	-101.5	2078
21.0	-101.0	56
21.0	-100.5	76
21.0	-100.0	626
21.0	-99.5	1
21.0	-98.5	19
21.0	-98.0	23
21.0	-97.5	17
21.0	-90.0	3
21.0	-89.5	960
21.0	-89.0	46
21.0	-87.0	149
21.0	70.5	44
21.0	73.0	14314
21.0	73.5	3
21.0	75.0	469
21.0	75.5	10
21.0	76.0	1992
21.0	76.5	7752
21.0	77.0	176
21.0	78.0	253
21.0	79.0	8957
21.0	81.5	1040
21.0	85.0	1
21.0	86.5	45
21.0	97.5	64
21.0	103.5	1
21.0	105.5	107
21.0	106.0	74688
21.0	106.5	717
21.5	-158.0	654
21.5	-157.5	9
21.5	-105.5	7
21.5	-105.0	396
21.5	-104.5	4
21.5	-103.5	3
21.5	-103.0	48
21.5	-102.5	43
21.5	-102.0	30
21.5	-101.5	12
21.5	-101.0	4
21.5	-98.5	165
21.5	-97.5	1
21.5	-88.5	4
21.5	-80.0	93
21.5	-78.0	12721
21.5	39.0	5866
21.5	40.0	329
21.5	40.5	47
21.5	69.5	53
21.5	70.5	713
21.5	71.0	7
21.5	73.0	1164
21.5	73.5	78
21.5	74.0	126
21.5	74.5	10
21.5	75.0	14
21.5	75.5	50
21.5	76.0	36
21.5	80.0	27
21.5	81.5	318
21.5	83.5	190
21.5	84.0	280
21.5	87.0	12
21.5	104.0	2
21.5	105.0	93
21.5	105.5	12
21.5	106.0	325
21.5	106.5	738
21.5	109.0	4
21.5	110.5	2367
21.5	111.0	11
22.0	-159.5	16
22.0	-105.0	1
22.0	-103.5	14
22.0	-102.5	666
22.0	-102.0	30
22.0	-101.0	481
22.0	-100.5	1
22.0	-100.0	1
22.0	-99.0	1
22.0	-98.0	157
22.0	-79.0	1160
22.0	-72.0	1
22.0	70.5	10
22.0	71.5	12
22.0	72.0	428
22.0	73.5	17
22.0	75.0	40
22.0	75.5	11
22.0	76.5	87
22.0	78.0	1
22.0	78.5	52
22.0	79.0	85
22.0	81.0	6
22.0	81.5	5
22.0	82.0	93
22.0	83.5	113
22.0	84.0	1891
22.0	87.5	10
22.0	88.0	49
22.0	96.0	1
22.0	98.0	13434
22.0	101.0	2
22.0	103.0	9
22.0	105.0	11
22.0	107.0	70
22.0	108.5	1
22.0	113.5	226
22.5	-105.5	1
22.5	-104.5	1
22.5	-103.0	110
22.5	-102.5	103
22.5	-102.0	46
22.5	-101.5	1
22.5	-100.5	47
22.5	-98.0	21
22.5	70.0	360
22.5	70.5	20
22.5	71.0	6379
22.5	71.5	117
22.5	72.0	29
22.5	73.0	20672
22.5	73.5	78
22.5	74.0	52
22.5	75.0	5
22.5	75.5	25
22.5	76.0	9705
22.5	77.5	1946
22.5	79.0	61
22.5	80.5	53
22.5	81.5	26
22.5	82.5	54
22.5	83.0	124
22.5	85.0	6003
22.5	87.0	3623
22.5	87.5	230
22.5	88.0	213
22.5	88.5	83900
22.5	89.0	178
22.5	90.5	2
22.5	92.0	5332
22.5	92.5	50
22.5	107.5	2
22.5	110.0	30
22.5	113.0	96
22.5	113.5	1905
22.5	114.0	6642
22.5	120.5	4453
23.0	-110.0	4
23.0	-109.5	15
23.0	-106.5	157
23.0	-106.0	9
23.0	-103.0	121
23.0	-102.5	638
23.0	-99.0	6
23.0	-98.5	128
23.0	5.5	13
23.0	39.0	3
23.0	46.0	166
23.0	57.5	100
23.0	69.5	812
23.0	70.0	41
23.0	72.5	48938
23.0	73.0	72
23.0	73.5	4
23.0	74.5	270
23.0	75.5	195
23.0	76.0	6183
23.0	77.0	8
23.0	79.0	122
23.0	80.0	3308
23.0	81.0	153
23.0	81.5	12
23.0	83.0	10
23.0	86.0	1578
23.0	87.0	28
23.0	88.0	117
23.0	88.5	3085
23.0	89.0	38
23.0	89.5	1122
23.0	91.0	586
23.0	108.5	3243
23.0	112.0	7
23.0	112.5	4
23.0	113.0	1185
23.0	113.5	40162
23.0	114.0	1373
23.0	114.5	479
23.0	120.0	3773
23.0	121.0	38
23.5	-103.5	14
23.5	-99.0	40
23.5	58.0	12
23.5	58.5	2160
23.5	72.5	807
23.5	73.0	1008
23.5	75.0	3085
23.5	75.5	18
23.5	76.5	13
23.5	77.5	11700
23.5	78.0	5
23.5	81.5	11
23.5	82.5	7
23.5	85.5	824
23.5	86.0	311
23.5	86.5	3
23.5	87.0	44
23.5	87.5	4716
23.5	88.5	28
23.5	90.5	22062
23.5	91.0	188
23.5	92.5	197
23.5	104.0	4
23.5	111.5	8
23.5	114.5	2
23.5	116.5	262
23.5	120.5	232
23.5	121.0	23757
24.0	-110.5	293
24.0	-106.0	5
24.0	-105.5	1
24.0	-104.5	197
24.0	-103.0	1
24.0	3.5	11691
24.0	33.0	12
24.0	38.0	16
24.0	53.0	8571
24.0	56.0	1414
24.0	72.0	42
24.0	72.5	174
24.0	73.5	4
24.0	75.5	28
24.0	78.5	241
24.0	79.0	36
24.0	80.5	14
24.0	86.5	175
24.0	87.5	34
24.0	88.5	512
24.0	89.5	231
24.0	90.0	1
24.0	90.5	54439
24.0	91.5	548
24.0	106.5	1
24.0	109.0	1
24.0	120.5	6346
24.0	121.0	3
24.0	121.5	169
24.5	-107.5	14
24.5	-104.5	5
24.5	-104.0	5
24.5	39.5	106
24.5	46.5	8268
24.5	54.5	3213
24.5	72.0	12
24.5	74.0	1
24.5	76.0	31
24.5	77.5	184
24.5	79.0	5
24.5	80.0	1
24.5	81.0	15
24.5	81.5	157
24.5	82.0	8
24.5	83.0	1
24.5	85.5	13
24.5	88.0	56
24.5	88.5	76
24.5	90.5	47
24.5	91.5	2
24.5	102.5	3
24.5	109.5	48
24.5	117.5	505
24.5	118.0	3796
24.5	121.0	333
24.5	121.5	1
24.5	122.0	3
24.5	124.0	14
25.0	-108.0	1
25.0	-107.5	213
25.0	-104.0	2
25.0	-100.0	340
25.0	-99.5	8
25.0	-98.0	43
25.0	-80.5	2
25.0	-77.5	16
25.0	17.0	11
25.0	34.0	38
25.0	39.5	5
25.0	45.0	19
25.0	55.5	5324
25.0	56.5	17
25.0	67.0	30781
25.0	67.5	351
25.0	73.0	98
25.0	74.0	59
25.0	74.5	4
25.0	75.5	25
25.0	76.0	2216
25.0	79.5	58
25.0	85.0	1
25.0	85.5	5
25.0	86.5	1
25.0	87.0	15
25.0	88.0	54
25.0	89.5	88
25.0	90.5	8
25.0	92.0	1002
25.0	92.5	11
25.0	93.0	4477
25.0	94.0	440
25.0	103.0	2952
25.0	110.0	522
25.0	113.5	18
25.0	117.0	77
25.0	118.5	4176
25.0	121.0	25852
25.0	121.5	62518
25.5	-108.5	36
25.5	-108.0	1
25.5	-103.5	407
25.5	-101.5	4
25.5	-101.0	264
25.5	-100.5	3573
25.5	-100.0	104
25.5	-99.5	7
25.5	-98.0	5
25.5	-80.5	47
25.5	32.5	147
25.5	49.5	31
25.5	51.5	2851
25.5	55.5	3631
25.5	56.0	17
25.5	68.5	1178
25.5	69.0	16
25.5	74.5	427
25.5	75.5	16
25.5	76.5	1
25.5	78.5	91
25.5	82.0	9180
25.5	82.5	26
25.5	83.0	390
25.5	83.5	3930
25.5	85.0	10900
25.5	86.0	40
25.5	86.5	18
25.5	87.0	2
25.5	88.5	278
25.5	89.5	8
25.5	90.0	92
25.5	92.0	7959
25.5	94.0	596
25.5	100.5	2
25.5	104.0	21
26.0	-111.5	1
26.0	-109.0	69
26.0	-108.0	15
26.0	-100.5	22
26.0	-100.0	34
26.0	-98.5	48
26.0	-98.0	7
26.0	-97.5	51
26.0	-82.0	16
26.0	-81.5	1
26.0	-80.5	158
26.0	-80.0	1499
26.0	14.0	267
26.0	32.5	164
26.0	42.5	48
26.0	50.0	241
26.0	50.5	776
26.0	51.0	19
26.0	56.0	83
26.0	68.5	245
26.0	73.0	1177
26.0	74.5	113
26.0	75.0	18
26.0	76.0	9
26.0	76.5	36
26.0	78.0	1499
26.0	81.0	37
26.0	82.0	35
26.0	84.5	8
26.0	85.5	6
26.0	86.0	61
26.0	86.5	1
26.0	87.5	36
26.0	89.5	1
26.0	90.5	6
26.0	91.5	2587
26.0	94.0	19
26.0	113.0	145
26.0	115.0	510
26.0	119.5	6981
26.0	127.5	964
26.5	-108.5	1
26.5	-100.0	12
26.5	-99.5	1
26.5	-99.0	12
26.5	-98.0	63
26.5	-82.0	12
26.5	-81.5	1
26.5	-80.5	1
26.5	-80.0	130
26.5	31.5	83
26.5	44.0	23
26.5	50.0	1346
26.5	50.5	41
26.5	54.0	435
26.5	68.5	8
26.5	72.5	121
26.5	74.5	294
26.5	75.0	19
26.5	77.5	28
26.5	78.0	585
26.5	79.5	2
26.5	80.0	23
26.5	80.5	3340
26.5	82.0	4
26.5	83.5	14
26.5	85.5	83
26.5	86.0	14
26.5	88.5	171
26.5	89.5	8
26.5	90.5	2
26.5	93.0	4321
26.5	94.0	1
26.5	94.5	13
26.5	101.5	188
26.5	106.0	86
26.5	106.5	1733
26.5	108.0	7
26.5	111.5	59
26.5	117.5	226
26.5	118.0	19
26.5	119.5	29
26.5	127.5	2
26.5	128.0	196
27.0	-110.0	3
27.0	-109.5	49
27.0	-105.5	1
27.0	-101.5	26
27.0	-98.0	2
27.0	-82.5	1
27.0	-82.0	3
27.0	-80.5	3
27.0	-80.0	8
27.0	14.5	153
27.0	31.0	1397
27.0	49.5	49
27.0	54.5	5134
27.0	73.5	165
27.0	75.5	9
27.0	76.0	32130
27.0	77.5	49
27.0	78.0	4376
27.0	79.0	60
27.0	79.5	23
27.0	80.0	14
27.0	81.0	4934
27.0	82.0	866
27.0	83.0	47
27.0	83.5	802
27.0	84.5	19
27.0	88.5	39
27.0	89.5	762
27.0	94.5	1
27.0	95.0	3
27.0	111.5	66
27.0	112.5	979
27.0	115.0	240
27.5	-110.0	163
27.5	-109.5	17
27.5	-99.5	19
27.5	-98.0	221
27.5	-82.5	79
27.5	-80.5	5
27.5	-80.0	7
27.5	31.0	5
27.5	33.5	70
27.5	41.5	55
27.5	68.0	32
27.5	69.0	11
27.5	75.0	995
27.5	75.5	922
27.5	76.5	345
27.5	77.0	3599
27.5	77.5	411
27.5	78.0	91
27.5	79.5	12
27.5	80.5	1
27.5	82.0	1
27.5	83.5	909
27.5	84.5	11
27.5	85.5	15422
27.5	88.5	1983
27.5	89.5	236
27.5	90.5	28
27.5	94.5	74
27.5	95.0	18
27.5	95.5	1149
27.5	105.5	4
27.5	107.0	22
27.5	110.0	88
27.5	112.0	3
27.5	114.0	1
28.0	-111.0	11
28.0	-106.5	1
28.0	-105.5	182
28.0	-101.5	2
28.0	-101.0	1
28.0	-97.5	7
28.0	-97.0	8
28.0	-83.0	632
28.0	-82.5	770
28.0	-82.0	28
28.0	-81.5	1953
28.0	-80.5	146
28.0	-17.0	53
28.0	-16.5	23
28.0	-15.5	434
28.0	3.0	4958
28.0	30.5	46
28.0	31.0	301
28.0	69.5	30
28.0	73.5	961
28.0	74.5	15
28.0	75.0	19
28.0	75.5	287
28.0	76.0	1
28.0	76.5	93
28.0	77.0	1
28.0	77.5	21
28.0	78.0	6451
28.0	78.5	2
28.0	79.5	76
28.0	80.0	63
28.0	84.0	742
28.0	85.5	2
28.0	113.0	30444
28.0	114.5	6
28.0	115.0	1
28.0	116.5	206
28.0	120.5	3466
28.5	-111.5	1846
28.5	-107.0	2633
28.5	-106.0	396
28.5	-105.5	4
28.5	-100.5	2
28.5	-97.5	23
28.5	-82.0	57
28.5	-81.5	631
28.5	-81.0	9
28.5	-80.5	1
28.5	-16.5	157
28.5	-14.0	4
28.5	-9.5	1
28.5	36.5	27
28.5	53.5	1191
28.5	54.0	559
28.5	75.0	230
28.5	75.5	1038
28.5	76.5	133
28.5	77.0	368790
28.5	77.5	60609
28.5	78.0	102
28.5	78.5	83
28.5	79.0	19
28.5	79.5	757
28.5	109.5	1
28.5	112.5	854
28.5	116.0	12903
28.5	120.0	236
28.5	121.5	85
29.0	-111.0	772
29.0	-98.5	1
29.0	-96.5	2
29.0	-95.5	3
29.0	-82.0	8
29.0	-81.5	7
29.0	-81.0	33
29.0	-13.5	3
29.0	-10.0	10
29.0	31.0	86
29.0	34.0	17
29.0	48.0	2
29.0	51.0	716
29.0	53.0	794
29.0	75.5	2017
29.0	76.0	77
29.0	76.5	1335
29.0	77.0	46628
29.0	77.5	993
29.0	78.5	530
29.0	79.0	147
29.0	79.5	32
29.0	104.5	6
29.0	105.5	6
29.0	110.5	1
29.0	111.5	51
29.0	119.0	47
29.0	119.5	652
29.5	-110.5	12
29.5	-98.5	412
29.5	-98.0	61
29.5	-97.0	2
29.5	-96.0	5
29.5	-95.5	279
29.5	-95.0	64
29.5	-90.5	2
29.5	-85.0	1
29.5	-82.5	294
29.5	-81.0	17
29.5	-9.5	33
29.5	31.0	172
29.5	35.0	63
29.5	47.5	709
29.5	48.0	5190
29.5	50.5	12
29.5	52.5	11854
29.5	67.0	256
29.5	71.5	2374
29.5	72.0	21
29.5	72.5	57
29.5	75.0	266
29.5	76.5	97
29.5	77.0	1453
29.5	77.5	334
29.5	78.5	3
29.5	79.0	55
29.5	79.5	6
29.5	89.0	539
29.5	91.0	25
29.5	104.0	36
29.5	105.0	84
29.5	106.5	18523
29.5	107.0	328
29.5	113.0	1
29.5	116.0	60
29.5	117.0	101
29.5	118.5	43
30.0	-99.0	3
30.0	-98.0	18
30.0	-97.5	25
30.0	-96.5	5
30.0	-96.0	39
30.0	-95.5	5465
30.0	-95.0	19
30.0	-94.5	1
30.0	-94.0	154
30.0	-93.0	7
30.0	-92.0	424
30.0	-91.0	86
30.0	-90.0	273
30.0	-86.0	2
30.0	-85.5	5
30.0	-83.0	3
30.0	-82.5	42
30.0	-82.0	23
30.0	-81.5	50
30.0	-9.5	3
30.0	31.0	7440
30.0	31.5	202815
30.0	32.5	63
30.0	67.0	1865
30.0	70.5	478
30.0	71.0	38
30.0	71.5	3429
30.0	72.5	15
30.0	73.5	13
30.0	74.0	1276
30.0	75.0	483
30.0	75.5	186
30.0	76.0	1368
30.0	76.5	229
30.0	77.0	609
30.0	77.5	70
30.0	78.0	5368
30.0	78.5	26
30.0	79.0	137
30.0	103.0	161
30.0	104.5	13
30.0	115.0	6
30.0	120.5	1353
30.0	121.5	4391
30.5	-112.0	2
30.5	-108.0	15
30.5	-106.5	1
30.5	-98.5	4
30.5	-98.0	56
30.5	-97.5	1191
30.5	-96.5	220
30.5	-95.5	28
30.5	-94.0	2
30.5	-93.0	4
30.5	-92.5	4
30.5	-92.0	1
30.5	-91.0	465
30.5	-90.0	9
30.5	-89.0	2
30.5	-88.0	38
30.5	-87.5	1
30.5	-87.0	64
30.5	-86.5	73
30.5	-84.5	77
30.5	-81.5	372
30.5	-9.5	5412
30.5	-9.0	1
30.5	30.5	52
30.5	31.0	1755
30.5	31.5	655
30.5	32.0	49
30.5	32.5	1315
30.5	48.0	1004
30.5	48.5	32
30.5	50.0	16182
30.5	57.0	4985
30.5	70.0	23069
30.5	70.5	34
30.5	71.0	12
30.5	72.0	269
30.5	73.0	55
30.5	74.0	105
30.5	74.5	544
30.5	75.0	192
30.5	75.5	195
30.5	76.0	1683
30.5	76.5	17504
30.5	77.0	29625
30.5	77.5	8
30.5	78.0	4841
30.5	104.0	34648
30.5	105.5	12
30.5	111.5	219
30.5	112.0	2
30.5	114.5	44579
30.5	115.0	6
30.5	117.0	163
30.5	117.5	17
30.5	120.0	36954
31.0	-105.5	5
31.0	-97.5	51
31.0	-93.0	2
31.0	-90.5	3
31.0	-88.0	1
31.0	-85.0	3
31.0	-84.5	1
31.0	-84.0	1
31.0	-83.5	9
31.0	-81.5	2
31.0	30.0	15452
31.0	30.5	1117
31.0	31.0	2344
31.0	31.5	4358
31.0	32.5	1348
31.0	34.5	67
31.0	35.0	1
31.0	36.0	2354
31.0	46.5	370
31.0	61.5	186
31.0	72.0	17
31.0	72.5	105
31.0	73.0	1
31.0	74.0	50
31.0	74.5	365
31.0	75.0	232
31.0	75.5	98
31.0	76.0	13033
31.0	76.5	4411
31.0	77.0	1752
31.0	104.5	43
31.0	106.0	45
31.0	107.5	2
31.0	114.0	1
31.0	117.0	1
31.0	118.0	19
31.0	119.0	13
31.0	120.0	454
31.0	121.0	1043
31.0	121.5	102104
31.5	-111.0	14
31.5	-110.5	10
31.5	-110.0	1
31.5	-106.5	1012
31.5	-100.5	330
31.5	-97.5	1
31.5	-97.0	99
31.5	-95.5	2
31.5	-94.5	6
31.5	-92.5	5
31.5	-92.0	1
31.5	-89.5	60
31.5	-85.5	2
31.5	-84.0	2
31.5	-83.5	1
31.5	-10.0	38
31.5	-8.0	6036
31.5	-7.5	4
31.5	-4.5	33
31.5	-2.0	4732
31.5	32.0	761
31.5	34.5	3160
31.5	35.0	11
31.5	45.5	52
31.5	48.5	704
31.5	71.0	4
31.5	71.5	16
31.5	72.5	47
31.5	73.0	8956
31.5	73.5	32
31.5	74.0	14
31.5	74.5	48876
31.5	75.0	2469
31.5	75.5	3889
31.5	76.0	745
31.5	76.5	717
31.5	77.0	384
31.5	104.5	5235
31.5	113.5	6
31.5	116.5	9
31.5	118.5	974
31.5	120.5	17489
31.5	121.5	1
31.5	130.5	23
31.5	131.0	10
31.5	131.5	2
32.0	-116.5	406
32.0	-111.0	285
32.0	-106.5	38
32.0	-106.0	13
32.0	-102.5	1
32.0	-102.0	6
32.0	-98.0	1
32.0	-97.0	1
32.0	-91.0	1
32.0	-90.5	7
32.0	-86.0	68
32.0	-85.0	1
32.0	-84.5	3
32.0	-83.0	1
32.0	-81.0	4
32.0	-8.5	11
32.0	-8.0	15
32.0	-7.5	3
32.0	-6.5	60
32.0	-4.5	60094
32.0	5.0	182
32.0	20.0	749
32.0	34.5	116
32.0	35.0	5782
32.0	35.5	98
32.0	36.0	31953
32.0	44.5	2263
32.0	47.0	81
32.0	54.5	8219
32.0	72.5	1993
32.0	73.5	88
32.0	74.0	981
32.0	74.5	1046
32.0	75.0	32
32.0	75.5	253
32.0	76.0	6
32.0	76.5	6632
32.0	106.5	27
32.0	112.0	53
32.0	114.0	33
32.0	117.0	21252
32.0	119.0	52554
32.0	119.5	1377
32.0	120.0	2001
32.0	121.0	1268
32.0	131.5	5
32.5	-117.0	4929
32.5	-116.5	11
32.5	-116.0	477
32.5	-115.5	85
32.5	-115.0	39
32.5	-114.5	61
32.5	-114.0	2
32.5	-111.5	1
32.5	-111.0	12
32.5	-107.0	322
32.5	-103.0	1
32.5	-101.0	3
32.5	-99.5	5
32.5	-97.0	221
32.5	-95.5	28
32.5	-95.0	2
32.5	-94.5	8
32.5	-94.0	2
32.5	-93.5	4
32.5	-92.5	126
32.5	-91.0	5
32.5	-90.0	43
32.5	-89.5	1
32.5	-88.5	4
32.5	-86.5	12
32.5	-86.0	4
32.5	-85.5	104
32.5	-85.0	16
32.5	-83.5	90
32.5	-82.0	11
32.5	-81.5	9
32.5	-65.0	4
32.5	-17.0	288
32.5	-9.0	853
32.5	-8.5	32
32.5	-6.5	1131
32.5	-4.5	25
32.5	3.5	10
32.5	15.0	35
32.5	35.0	111
32.5	35.5	31
32.5	44.0	1265
32.5	44.5	971
32.5	46.0	17
32.5	51.0	126787
32.5	51.5	52495
32.5	66.0	67
32.5	71.5	56
32.5	72.0	2
32.5	72.5	55
32.5	73.0	43
32.5	73.5	26
32.5	74.0	545
32.5	74.5	2126
32.5	75.0	35
32.5	75.5	1225
32.5	106.0	4
32.5	111.0	57
32.5	117.0	99
32.5	118.5	124
32.5	119.5	395
32.5	120.0	610
32.5	131.5	7
33.0	-117.5	2182
33.0	-117.0	312
33.0	-115.5	1
33.0	-112.0	3
33.0	-111.5	17
33.0	-110.0	1
33.0	-106.0	13
33.0	-105.5	1
33.0	-98.0	5
33.0	-97.5	174
33.0	-97.0	2595
33.0	-96.5	516
33.0	-96.0	8
33.0	-87.5	33
33.0	-86.0	2
33.0	-84.5	2
33.0	-84.0	285
33.0	-83.5	19
33.0	-81.0	1
33.0	-80.0	89
33.0	-79.5	1
33.0	-17.0	2
33.0	-8.5	1519
33.0	-7.5	2790
33.0	-7.0	1560
33.0	-6.5	332
33.0	-5.5	30
33.0	4.5	5
33.0	10.5	287
33.0	13.0	2496
33.0	35.0	1088
33.0	35.5	58
33.0	43.5	18404
33.0	44.5	190
33.0	65.0	239
33.0	72.5	20
33.0	73.0	54604
33.0	73.5	108
33.0	74.0	16
33.0	76.5	8246
33.0	107.0	217
33.0	112.5	396
33.0	114.0	141
33.0	116.0	176
33.0	117.5	315
33.0	129.5	1
33.0	130.0	159
33.0	130.5	844
33.0	131.0	1
33.0	131.5	1708
33.0	132.5	2
33.5	-118.5	13
33.5	-118.0	1470
33.5	-117.5	260
33.5	-117.0	3
33.5	-116.0	22
33.5	-112.5	7
33.5	-112.0	5452
33.5	-111.5	5
33.5	-105.5	2
33.5	-102.0	359
33.5	-97.0	8
33.5	-96.5	11
33.5	-93.0	6
33.5	-92.0	13
33.5	-91.0	1
33.5	-89.5	8
33.5	-89.0	282
33.5	-88.5	2
33.5	-87.5	8
33.5	-87.0	131
33.5	-86.5	3
33.5	-86.0	5
33.5	-85.0	2
33.5	-84.5	5435
33.5	-84.0	21
33.5	-82.5	2
33.5	-82.0	22
33.5	-81.5	22
33.5	-81.0	9
33.5	-79.0	25
33.5	-8.5	110
33.5	-8.0	12
33.5	-7.5	18905
33.5	-7.0	30
33.5	-6.5	2
33.5	-5.5	39
33.5	-0.5	18
33.5	7.0	148
33.5	9.0	58
33.5	10.5	6
33.5	35.0	30
33.5	35.5	229
33.5	36.5	1139
33.5	44.0	4479
33.5	44.5	26883
33.5	46.5	432
33.5	71.0	180
33.5	71.5	52
33.5	73.0	54085
33.5	73.5	60
33.5	114.0	728
33.5	114.5	56
33.5	117.0	26
33.5	119.0	250
33.5	120.0	81
33.5	126.5	550
33.5	130.0	10
33.5	130.5	1901
33.5	133.5	61
34.0	-119.0	101
34.0	-118.5	1351
34.0	-118.0	56270
34.0	-117.5	1824
34.0	-117.0	11
34.0	-116.5	1
34.0	-112.0	43
34.0	-107.0	3
34.0	-98.5	8
34.0	-97.0	1
34.0	-93.0	1
34.0	-87.0	2
34.0	-85.0	38
34.0	-84.5	568
34.0	-84.0	286
34.0	-83.5	93
34.0	-83.0	7
34.0	-82.5	1
34.0	-81.0	716
34.0	-80.5	26
34.0	-80.0	82
34.0	-79.0	3
34.0	-78.5	15
34.0	-78.0	27
34.0	-7.0	12436
34.0	-6.5	83
34.0	-6.0	76
34.0	-5.5	4393
34.0	-5.0	13747
34.0	-3.5	72
34.0	2.0	50
34.0	2.5	34
34.0	3.0	861
34.0	8.0	137
34.0	9.0	132316
34.0	10.0	77
34.0	35.5	6837
34.0	36.0	1692
34.0	42.5	1808
34.0	45.0	276
34.0	49.5	1374
34.0	71.5	3575
34.0	72.0	9373
34.0	72.5	1234
34.0	73.0	3549
34.0	73.5	5
34.0	74.0	25
34.0	74.5	564
34.0	75.0	284
34.0	110.0	2
34.0	113.0	235
34.0	114.0	234
34.0	116.0	22
34.0	117.0	172
34.0	117.5	2570
34.0	118.5	38
34.0	130.5	2
34.0	131.0	1038
34.0	131.5	39
34.0	132.0	8
34.0	132.5	24
34.0	133.0	261
34.0	134.5	299
34.0	135.0	19
34.0	136.0	3
34.5	-120.5	7
34.5	-120.0	61
34.5	-119.5	144
34.5	-119.0	47
34.5	-118.5	324
34.5	-118.0	20
34.5	-117.5	5
34.5	-112.5	16
34.5	-112.0	4
34.5	-110.0	2
34.5	-103.0	1
34.5	-99.5	1
34.5	-98.5	1
34.5	-98.0	1
34.5	-93.0	9
34.5	-92.5	263
34.5	-92.0	1
34.5	-90.0	1
34.5	-89.5	80
34.5	-89.0	12
34.5	-86.5	239
34.5	-85.5	1
34.5	-84.5	1
34.5	-84.0	2
34.5	-83.5	3
34.5	-83.0	22
34.5	-82.5	22
34.5	-81.0	2
34.5	-79.0	86
34.5	-78.0	1
34.5	-6.5	2995
34.5	-6.0	147
34.5	-5.5	2
34.5	-4.5	53
34.5	-2.0	4448
34.5	3.5	145
34.5	9.0	299
34.5	11.0	965
34.5	32.5	8
34.5	33.0	377
34.5	36.0	127
34.5	36.5	91
34.5	47.0	1695
34.5	49.0	75
34.5	51.0	1830
34.5	62.0	3
34.5	69.0	569
34.5	72.0	77
34.5	72.5	116
34.5	73.0	333
34.5	73.5	271
34.5	107.0	24
34.5	108.5	1401
34.5	109.0	47229
34.5	109.5	35
34.5	112.5	3312
34.5	113.5	24121
34.5	115.5	15
34.5	119.0	187
34.5	132.5	1407
34.5	133.0	8
34.5	133.5	58
34.5	134.0	730
34.5	135.0	378
34.5	135.5	3406
34.5	136.0	1454
34.5	136.5	167
34.5	137.5	888
34.5	139.5	2
35.0	-120.5	75
35.0	-112.5	1
35.0	-112.0	3
35.0	-111.5	20
35.0	-106.5	706
35.0	-102.0	5
35.0	-97.5	11
35.0	-96.5	2
35.0	-94.5	1
35.0	-93.0	2
35.0	-92.5	69
35.0	-92.0	3
35.0	-91.5	1
35.0	-90.0	176
35.0	-87.5	46
35.0	-87.0	3
35.0	-86.5	14
35.0	-85.5	24
35.0	-85.0	26
35.0	-83.5	1
35.0	-83.0	8
35.0	-82.5	22
35.0	-82.0	19
35.0	-81.0	281
35.0	-80.5	6
35.0	-80.0	10
35.0	-79.5	2
35.0	-79.0	68
35.0	-78.0	1
35.0	-77.5	1
35.0	-6.5	13
35.0	-6.0	96
35.0	-5.5	21
35.0	-5.0	79
35.0	-4.0	13
35.0	-3.5	52
35.0	-3.0	431
35.0	-2.5	80
35.0	-1.5	355
35.0	-0.5	30
35.0	0.0	278
35.0	1.5	672
35.0	6.0	90
35.0	9.0	27
35.0	9.5	157
35.0	25.0	14
35.0	25.5	3
35.0	26.0	2
35.0	32.5	37
35.0	33.0	23
35.0	33.5	2637
35.0	34.0	5
35.0	37.0	15429
35.0	48.5	8146
35.0	50.5	24
35.0	59.0	640
35.0	59.5	447
35.0	72.0	44
35.0	72.5	167
35.0	111.0	12
35.0	113.0	80
35.0	114.5	1122
35.0	115.5	123
35.0	117.5	61
35.0	118.5	2
35.0	126.5	22
35.0	127.0	79
35.0	127.5	135
35.0	128.0	76
35.0	128.5	18
35.0	129.0	129
35.0	133.0	1
35.0	134.5	166
35.0	135.0	58
35.0	135.5	335
35.0	136.0	683
35.0	136.5	46
35.0	137.0	1119
35.0	137.5	923
35.0	138.0	10
35.0	138.5	147
35.0	139.0	11
35.0	139.5	9
35.5	-120.5	64
35.5	-119.0	21
35.5	-106.5	16
35.5	-106.0	90
35.5	-101.0	1
35.5	-98.0	3
35.5	-97.5	62
35.5	-95.5	3
35.5	-94.5	14
35.5	-93.5	1
35.5	-93.0	58
35.5	-89.5	3
35.5	-89.0	1
35.5	-86.0	5
35.5	-84.0	1
35.5	-83.5	23
35.5	-83.0	2
35.5	-82.5	37
35.5	-82.0	3
35.5	-81.5	59
35.5	-81.0	56
35.5	-80.5	82
35.5	-80.0	14
35.5	-79.0	60
35.5	-78.5	180
35.5	-78.0	19
35.5	-77.5	2
35.5	-77.0	2
35.5	-6.0	7
35.5	-5.5	2761
35.5	-3.0	1
35.5	-1.5	7
35.5	-0.5	7723
35.5	0.0	129
35.5	0.5	29
35.5	1.5	81
35.5	2.0	4
35.5	6.0	4998
35.5	8.0	15
35.5	10.0	13
35.5	10.5	2
35.5	11.0	41
35.5	24.0	237
35.5	24.5	42
35.5	25.0	3076
35.5	25.5	15
35.5	36.0	25
35.5	44.5	280
35.5	47.0	1214
35.5	47.5	421
35.5	49.0	1552
35.5	51.5	549296
35.5	53.5	615
35.5	104.5	149026
35.5	107.5	15
35.5	113.0	6
35.5	114.0	170
35.5	116.5	249
35.5	119.5	15
35.5	127.0	2
35.5	128.0	9
35.5	129.0	16
35.5	129.5	50
35.5	133.0	103
35.5	133.5	3
35.5	134.0	181
35.5	135.5	7
35.5	136.0	3
35.5	136.5	15
35.5	137.0	204
35.5	137.5	1
35.5	138.0	1
35.5	138.5	57
35.5	139.0	22
35.5	139.5	33187
35.5	140.0	9960
35.5	140.5	3
36.0	-121.0	10
36.0	-119.0	12
36.0	-115.0	2172
36.0	-106.5	14
36.0	-106.0	3
36.0	-105.5	1
36.0	-97.0	31
36.0	-96.0	166
36.0	-95.5	6
36.0	-95.0	46
36.0	-94.5	1
36.0	-94.0	152
36.0	-93.0	9
36.0	-90.5	24
36.0	-89.5	6
36.0	-87.0	228
36.0	-86.5	18
36.0	-85.5	990
36.0	-85.0	185
36.0	-84.5	15
36.0	-84.0	115
36.0	-83.0	1
36.0	-82.5	1
36.0	-81.5	7
36.0	-81.0	1
36.0	-80.5	29
36.0	-80.0	152
36.0	-79.5	1
36.0	-79.0	981
36.0	-78.5	235
36.0	-78.0	1
36.0	-6.0	2948
36.0	-5.5	181
36.0	-0.5	2
36.0	0.0	137
36.0	1.5	5878
36.0	2.0	40
36.0	3.5	3
36.0	4.5	47
36.0	5.5	1172
36.0	7.0	48
36.0	8.5	135
36.0	9.5	84
36.0	10.5	586
36.0	11.0	121
36.0	14.5	429
36.0	36.0	144
36.0	37.0	1
36.0	44.0	5471
36.0	45.0	654
36.0	45.5	7
36.0	47.0	1102
36.0	50.0	1
36.0	51.0	1878
36.0	104.0	6059
36.0	111.5	210
36.0	113.0	56
36.0	114.5	233
36.0	115.0	3
36.0	117.0	208
36.0	117.5	19
36.0	120.5	10480
36.0	127.0	171
36.0	128.0	36
36.0	128.5	243
36.0	129.5	865
36.0	136.0	504
36.0	138.0	7
36.0	139.0	4
36.0	139.5	871
36.0	140.0	1803
36.0	140.5	44
36.5	-122.0	63
36.5	-121.5	124
36.5	-120.0	8
36.5	-119.5	18
36.5	-106.0	1
36.5	-96.0	2
36.5	-94.5	5
36.5	-94.0	4
36.5	-93.0	1
36.5	-88.5	7
36.5	-87.5	1
36.5	-86.5	4
36.5	-85.5	3
36.5	-83.5	3
36.5	-82.5	89
36.5	-82.0	13
36.5	-81.5	1
36.5	-80.5	8
36.5	-80.0	5
36.5	-79.0	1
36.5	-78.5	217
36.5	-76.5	3
36.5	-6.5	176
36.5	-6.0	338
36.5	-5.5	1
36.5	-5.0	115
36.5	-4.5	696
36.5	-4.0	1
36.5	-3.5	13
36.5	-3.0	1
36.5	2.5	181
36.5	3.0	3111
36.5	3.5	199
36.5	4.0	5689
36.5	4.5	81
36.5	5.0	26
36.5	6.0	13
36.5	6.5	4694
36.5	7.5	175
36.5	8.0	62
36.5	9.0	34
36.5	10.0	862
36.5	10.5	394
36.5	11.0	15
36.5	23.0	6
36.5	28.0	100
36.5	30.5	1
36.5	36.0	31
36.5	36.5	3
36.5	37.0	11
36.5	48.5	5434
36.5	50.0	5822
36.5	52.5	438
36.5	53.0	546
36.5	59.5	16479
36.5	102.0	164
36.5	104.0	323
36.5	109.5	1
36.5	114.5	783
36.5	116.0	23
36.5	117.0	17558
36.5	119.0	76
36.5	126.5	41
36.5	127.0	54
36.5	127.5	1233
36.5	128.0	14
36.5	136.5	541
36.5	137.0	96
36.5	138.0	89
36.5	138.5	1
36.5	139.0	80
36.5	139.5	89
36.5	140.0	797
36.5	140.5	73
37.0	-122.0	2159
37.0	-121.5	144
37.0	-121.0	1
37.0	-120.0	7
37.0	-119.5	8
37.0	-114.0	1
37.0	-113.5	13
37.0	-95.0	1
37.0	-94.5	18
37.0	-93.5	9
37.0	-90.0	3
37.0	-88.5	3
37.0	-88.0	2
37.0	-86.5	29
37.0	-84.0	8
37.0	-83.0	1
37.0	-80.5	368
37.0	-80.0	2
37.0	-78.5	3
37.0	-77.5	11
37.0	-76.5	187
37.0	-76.0	65
37.0	-8.5	88
37.0	-8.0	713
37.0	-7.5	74
37.0	-6.5	2
37.0	-6.0	14
37.0	-5.5	18
37.0	-4.5	18
37.0	-4.0	2
37.0	-3.5	742
37.0	-3.0	156
37.0	-2.5	314
37.0	3.0	18596
37.0	4.0	31
37.0	5.0	45
37.0	7.0	493
37.0	8.0	2438
37.0	10.0	15897
37.0	10.5	897
37.0	11.0	39
37.0	14.5	8
37.0	15.0	20
37.0	15.5	7
37.0	22.0	270
37.0	22.5	6
37.0	25.0	1
37.0	27.0	9
37.0	27.5	47
37.0	28.5	144
37.0	29.0	9
37.0	30.5	1123
37.0	31.0	1
37.0	33.0	30
37.0	34.5	832
37.0	35.0	254
37.0	35.5	746
37.0	36.0	35
37.0	36.5	2
37.0	37.5	1162
37.0	38.0	31
37.0	39.0	375
37.0	42.5	35
37.0	43.5	256
37.0	46.0	13
37.0	51.0	434
37.0	114.5	196
37.0	118.0	719
37.0	126.5	20
37.0	127.0	910
37.0	127.5	782
37.0	128.0	2
37.0	137.0	4
37.0	140.0	2
37.0	140.5	1
37.0	141.0	29
37.5	-122.5	19520
37.5	-122.0	82183
37.5	-121.5	8
37.5	-121.0	41
37.5	-120.5	52
37.5	-113.5	1
37.5	-108.0	1
37.5	-97.5	1051
37.5	-93.0	2
37.5	-89.5	8
37.5	-89.0	121
37.5	-86.0	1
37.5	-84.5	6
37.5	-80.0	28
37.5	-79.5	4
37.5	-79.0	4
37.5	-78.0	1
37.5	-77.5	129
37.5	-77.0	5
37.5	-76.5	4
37.5	-25.5	10
37.5	-25.0	3
37.5	-8.5	7
37.5	-8.0	11
37.5	-7.5	5
37.5	-7.0	125
37.5	-6.5	4
37.5	-6.0	1751
37.5	-5.5	10
37.5	-5.0	5
37.5	-4.5	17
37.5	-4.0	47
37.5	-3.5	1
37.5	-2.5	8
37.5	-2.0	17
37.5	-1.5	14
37.5	-1.0	155
37.5	10.0	77
37.5	12.5	3
37.5	13.0	25
37.5	13.5	9
37.5	14.0	10
37.5	14.5	53
37.5	15.0	771
37.5	21.5	9
37.5	22.5	538
37.5	23.0	29
37.5	23.5	11
37.5	25.0	231
37.5	25.5	17
37.5	27.0	82
37.5	27.5	25
37.5	29.0	81
37.5	32.5	205
37.5	33.0	181
37.5	33.5	9
37.5	35.5	3
37.5	37.0	204
37.5	39.0	2
37.5	40.0	3
37.5	40.5	4
37.5	41.0	1
37.5	42.5	1
37.5	43.5	1
37.5	45.0	154
37.5	48.5	369
37.5	49.5	2336
37.5	58.0	469
37.5	113.0	81
37.5	115.5	76
37.5	116.5	808
37.5	118.0	22
37.5	118.5	22
37.5	121.5	1706
37.5	122.0	181
37.5	126.5	73
37.5	127.0	9155
37.5	127.5	8
37.5	128.0	42
37.5	139.0	834
37.5	140.0	23
37.5	140.5	21
38.0	-123.0	3
38.0	-122.5	27575
38.0	-122.0	473
38.0	-121.5	57
38.0	-121.0	7
38.0	-120.5	1
38.0	-113.0	1
38.0	-108.0	2
38.0	-100.0	3
38.0	-98.0	2
38.0	-97.5	127
38.0	-97.0	24166
38.0	-95.0	1
38.0	-92.0	145
38.0	-90.5	156
38.0	-89.5	1
38.0	-89.0	8
38.0	-87.5	20
38.0	-87.0	1
38.0	-86.5	1
38.0	-86.0	3
38.0	-85.0	4
38.0	-84.5	257
38.0	-84.0	1
38.0	-83.5	17
38.0	-82.5	1
38.0	-82.0	2
38.0	-81.0	2
38.0	-78.5	100
38.0	-78.0	1
38.0	-77.5	2
38.0	-76.5	1
38.0	-75.5	6
38.0	-9.0	4
38.0	-8.5	10
38.0	-8.0	28
38.0	-7.0	3
38.0	-6.5	1
38.0	-6.0	4
38.0	-5.0	433
38.0	-4.0	102
38.0	-3.5	48
38.0	-2.5	2
38.0	-1.5	43
38.0	-1.0	1305
38.0	-0.5	72
38.0	12.5	6
38.0	13.0	14
38.0	13.5	1185
38.0	14.0	18
38.0	14.5	1
38.0	15.0	30
38.0	15.5	687
38.0	16.0	1
38.0	20.5	25
38.0	21.0	153
38.0	21.5	5929
38.0	22.5	180
38.0	23.0	188
38.0	23.5	60774
38.0	24.0	340
38.0	24.5	13
38.0	27.0	1
38.0	27.5	233
38.0	28.0	47
38.0	28.5	15
38.0	29.0	204
38.0	29.5	2
38.0	30.5	300
38.0	31.0	10
38.0	32.5	1692
38.0	33.0	1
38.0	34.5	124
38.0	35.0	7
38.0	37.0	16
38.0	38.5	10
38.0	40.0	80
38.0	41.0	104
38.0	42.0	292
38.0	43.0	51
38.0	45.0	6
38.0	46.5	39710
38.0	58.5	1025
38.0	106.0	1
38.0	112.5	4134
38.0	113.5	48
38.0	114.5	10
38.0	127.0	46
38.0	127.5	538
38.0	129.0	11
38.0	139.0	23
38.0	139.5	2
38.0	140.0	228
38.0	140.5	28
38.0	141.0	97
38.5	-123.0	6
38.5	-122.5	145
38.5	-122.0	254
38.5	-121.5	1363
38.5	-121.0	33
38.5	-108.0	8
38.5	-95.0	2
38.5	-93.5	1
38.5	-93.0	12
38.5	-92.0	1
38.5	-90.5	276
38.5	-90.0	81
38.5	-86.5	4
38.5	-86.0	118
38.5	-85.5	21
38.5	-83.5	1
38.5	-83.0	2
38.5	-82.5	165
38.5	-82.0	11
38.5	-81.5	9
38.5	-80.0	1
38.5	-79.0	1
38.5	-78.5	4
38.5	-78.0	5
38.5	-77.5	19
38.5	-77.0	63
38.5	-76.5	28
38.5	-75.5	5
38.5	-75.0	18
38.5	-28.5	1
38.5	-27.0	22
38.5	-9.5	813
38.5	-9.0	22638
38.5	-8.0	181
38.5	-7.5	30
38.5	-6.5	36
38.5	-6.0	2
38.5	-5.5	13
38.5	-5.0	1
38.5	-4.0	2
38.5	-3.5	2
38.5	-3.0	4
38.5	-2.0	1
38.5	-1.0	90
38.5	-0.5	501
38.5	0.0	74
38.5	15.0	1
38.5	16.0	147
38.5	16.5	25
38.5	21.5	62
38.5	22.0	79
38.5	22.5	55
38.5	23.0	8
38.5	23.5	115
38.5	24.0	23
38.5	26.0	6
38.5	27.0	3428
38.5	27.5	170
38.5	28.0	105
38.5	29.5	116
38.5	34.0	63
38.5	34.5	46
38.5	35.0	41
38.5	35.5	398
38.5	36.0	36
38.5	38.0	4
38.5	38.5	130
38.5	39.0	301
38.5	39.5	171
38.5	41.5	2
38.5	42.0	1
38.5	43.0	17
38.5	43.5	73
38.5	45.0	1862
38.5	48.5	3163
38.5	69.0	23
38.5	70.5	5
38.5	106.0	893
38.5	112.5	13
38.5	117.0	29
38.5	140.0	1
38.5	140.5	33
38.5	141.0	414
38.5	141.5	4
39.0	-123.0	2
39.0	-121.5	23
39.0	-121.0	41
39.0	-120.0	33
39.0	-119.5	2
39.0	-110.0	1
39.0	-108.5	1
39.0	-107.0	1
39.0	-105.0	135
39.0	-104.5	1
39.0	-99.5	30
39.0	-97.5	1
39.0	-97.0	1
39.0	-96.5	18
39.0	-95.5	125
39.0	-95.0	80
39.0	-94.5	579
39.0	-94.0	1
39.0	-93.5	6
39.0	-92.5	48
39.0	-92.0	179
39.0	-91.0	4
39.0	-90.5	13
39.0	-90.0	19
39.0	-88.0	1
39.0	-87.0	6
39.0	-86.5	86
39.0	-86.0	79
39.0	-84.5	305
39.0	-84.0	6
39.0	-83.0	6
39.0	-82.5	1
39.0	-82.0	1
39.0	-81.0	1
39.0	-78.5	3
39.0	-78.0	11
39.0	-77.5	9553
39.0	-77.0	2818
39.0	-76.5	447
39.0	-76.0	8
39.0	-75.5	27
39.0	-75.0	978
39.0	-74.5	2
39.0	-9.5	673
39.0	-9.0	1388
39.0	-8.5	93
39.0	-8.0	1
39.0	-7.5	7
39.0	-7.0	67
39.0	-6.5	299
39.0	-6.0	15
39.0	-4.0	159
39.0	-3.5	27
39.0	-3.0	21
39.0	-2.0	209
39.0	-1.5	3
39.0	-1.0	2
39.0	-0.5	244
39.0	0.0	26
39.0	1.5	8
39.0	8.5	17
39.0	9.0	404
39.0	16.0	33
39.0	16.5	212
39.0	17.0	23
39.0	20.5	29
39.0	21.0	45
39.0	22.0	8
39.0	22.5	204
39.0	23.0	6
39.0	23.5	6
39.0	26.5	202
39.0	27.0	1
39.0	28.0	3
39.0	30.0	29
39.0	30.5	107
39.0	40.5	3
39.0	41.5	9
39.0	46.5	1
39.0	66.0	22
39.0	115.5	3673
39.0	117.0	12886
39.0	121.5	6435
39.0	125.5	1
39.5	-122.0	1
39.5	-121.5	1
39.5	-120.0	97
39.5	-119.5	4
39.5	-119.0	2
39.5	-111.0	6
39.5	-107.0	1
39.5	-106.5	4
39.5	-105.0	1123
39.5	-95.0	3
39.5	-94.5	18
39.5	-90.0	11
39.5	-89.5	12
39.5	-88.5	1
39.5	-87.5	68
39.5	-87.0	2
39.5	-86.5	2
39.5	-86.0	11
39.5	-85.5	2
39.5	-85.0	4
39.5	-84.5	73
39.5	-84.0	45
39.5	-83.5	12
39.5	-83.0	23
39.5	-82.5	1
39.5	-82.0	413
39.5	-81.5	28
39.5	-80.5	1
39.5	-80.0	55
39.5	-79.0	157
39.5	-78.0	3
39.5	-77.5	341
39.5	-77.0	130
39.5	-76.5	1132
39.5	-76.0	29
39.5	-75.5	32411
39.5	-75.0	23
39.5	-74.5	20552
39.5	-9.5	32
39.5	-9.0	129
39.5	-8.5	177
39.5	-8.0	16
39.5	-7.5	50
39.5	-6.5	110
39.5	-4.0	2
39.5	-3.0	11
39.5	-2.5	3
39.5	-2.0	5
39.5	-1.5	1
39.5	-1.0	84
39.5	-0.5	1625
39.5	0.0	5
39.5	2.5	437
39.5	3.0	67
39.5	8.5	2
39.5	9.0	100
39.5	9.5	2
39.5	16.0	122
39.5	16.5	573
39.5	17.0	43
39.5	20.0	286
39.5	20.5	21
39.5	21.0	884
39.5	21.5	433
39.5	22.0	191
39.5	22.5	702
39.5	23.0	252
39.5	28.0	369
39.5	29.5	17
39.5	30.0	985
39.5	30.5	159
39.5	32.0	1
39.5	32.5	1
39.5	33.0	32
39.5	34.0	34
39.5	37.0	142
39.5	37.5	4
39.5	39.5	4
39.5	43.0	4
39.5	107.0	34
39.5	110.0	26
39.5	112.5	33
39.5	116.5	336
39.5	117.5	864
39.5	140.0	556
39.5	140.5	1
39.5	141.0	102
40.0	-121.5	1
40.0	-111.5	52
40.0	-105.5	475
40.0	-105.0	437
40.0	-104.5	16
40.0	-98.5	157
40.0	-97.0	1
40.0	-95.0	1
40.0	-92.5	4
40.0	-91.5	1
40.0	-90.5	1
40.0	-89.5	21
40.0	-89.0	20
40.0	-88.5	37
40.0	-88.0	288
40.0	-87.5	9
40.0	-86.5	132
40.0	-86.0	729
40.0	-85.5	8
40.0	-85.0	24
40.0	-84.5	18
40.0	-84.0	205
40.0	-83.5	1
40.0	-83.0	1355
40.0	-82.5	14
40.0	-82.0	19
40.0	-81.0	2
40.0	-80.5	10
40.0	-80.0	37
40.0	-77.5	7
40.0	-77.0	33
40.0	-76.5	31
40.0	-76.0	11
40.0	-75.5	543
40.0	-75.0	1081
40.0	-74.5	31
40.0	-74.0	115
40.0	-9.0	468
40.0	-8.5	1290
40.0	-8.0	251
40.0	-7.5	244
40.0	-6.5	1
40.0	-6.0	7
40.0	-5.0	26
40.0	-4.5	10
40.0	-4.0	212
40.0	-3.5	52
40.0	-3.0	7
40.0	-2.0	33
40.0	-0.5	15
40.0	0.0	259
40.0	2.5	12
40.0	4.5	6
40.0	8.5	10
40.0	9.0	46
40.0	9.5	1
40.0	15.0	3
40.0	15.5	7
40.0	16.0	19
40.0	16.5	7
40.0	18.0	76
40.0	18.5	19
40.0	20.0	3
40.0	21.5	1
40.0	22.0	12
40.0	26.5	69
40.0	27.0	1
40.0	29.0	997
40.0	30.0	24
40.0	30.5	210
40.0	32.5	1462
40.0	33.0	16590
40.0	33.5	116
40.0	35.0	35
40.0	39.5	84
40.0	40.0	27
40.0	41.5	121
40.0	44.0	1
40.0	44.5	3048
40.0	45.0	10
40.0	113.5	14
40.0	116.0	887
40.0	116.5	256834
40.0	119.5	923
40.0	124.5	26
40.5	-123.0	1
40.5	-119.5	3
40.5	-112.5	1
40.5	-112.0	194
40.5	-111.5	36
40.5	-105.5	9
40.5	-105.0	156
40.5	-104.5	3
40.5	-98.5	3
40.5	-97.0	8
40.5	-96.0	4
40.5	-95.5	26
40.5	-95.0	13
40.5	-90.5	6
40.5	-89.5	54
40.5	-89.0	12
40.5	-88.5	204
40.5	-87.0	346
40.5	-86.5	15
40.5	-86.0	37
40.5	-85.5	12
40.5	-84.0	23
40.5	-83.0	39
40.5	-82.5	34
40.5	-82.0	2
40.5	-81.5	6
40.5	-80.5	6
40.5	-80.0	1088
40.5	-79.5	13
40.5	-79.0	31
40.5	-78.5	2
40.5	-77.5	1
40.5	-77.0	35
40.5	-76.5	14
40.5	-76.0	17
40.5	-75.5	575
40.5	-75.0	91
40.5	-74.5	4844
40.5	-74.0	10554
40.5	-73.5	176
40.5	-73.0	10
40.5	-8.5	3932
40.5	-8.0	141
40.5	-7.5	462
40.5	-7.0	2
40.5	-6.0	3
40.5	-4.5	77
40.5	-4.0	519
40.5	-3.5	19816
40.5	-3.0	74
40.5	-1.0	11
40.5	0.0	1
40.5	0.5	5
40.5	8.5	158
40.5	9.5	12
40.5	14.0	3
40.5	14.5	367
40.5	15.0	270
40.5	15.5	75
40.5	16.0	51
40.5	16.5	1
40.5	17.0	291
40.5	17.5	58
40.5	18.0	519
40.5	19.5	82
40.5	20.5	118
40.5	21.5	156
40.5	22.0	160
40.5	22.5	70
40.5	23.0	19264
40.5	26.5	1
40.5	28.0	2
40.5	29.0	22
40.5	29.5	87
40.5	30.0	199
40.5	30.5	28
40.5	31.5	169
40.5	32.5	7
40.5	33.5	17
40.5	34.5	20
40.5	35.0	30
40.5	35.5	3
40.5	36.0	18
40.5	36.5	30
40.5	38.0	2
40.5	38.5	2
40.5	39.5	38
40.5	40.5	2
40.5	43.0	83
40.5	44.5	14
40.5	47.5	789
40.5	49.5	45
40.5	50.0	2414
40.5	65.0	38
40.5	110.0	4054
40.5	116.5	12
40.5	121.0	254
40.5	122.0	91
40.5	140.5	1
41.0	-124.0	14
41.0	-123.5	1
41.0	-116.0	1
41.0	-112.0	172
41.0	-105.0	224
41.0	-100.0	1
41.0	-96.5	40
41.0	-96.0	3
41.0	-90.5	17
41.0	-89.5	1
41.0	-89.0	3
41.0	-87.0	2
41.0	-86.0	3
41.0	-85.0	25
41.0	-84.5	2
41.0	-83.5	4
41.0	-82.5	7
41.0	-82.0	19
41.0	-81.5	177
41.0	-81.0	33
41.0	-80.5	40
41.0	-80.0	1
41.0	-79.5	4
41.0	-78.5	1
41.0	-78.0	250
41.0	-77.5	1
41.0	-77.0	8
41.0	-76.5	11
41.0	-76.0	43
41.0	-75.5	21
41.0	-75.0	24
41.0	-74.5	122
41.0	-74.0	36172
41.0	-73.5	1020
41.0	-73.0	343
41.0	-72.5	77
41.0	-72.0	2
41.0	-8.5	9879
41.0	-8.0	77
41.0	-7.5	30
41.0	-5.5	292
41.0	-4.0	37
41.0	-3.5	1
41.0	-1.0	1
41.0	-0.5	27
41.0	0.5	5
41.0	1.0	313
41.0	1.5	29
41.0	2.0	27
41.0	8.5	7
41.0	9.5	8
41.0	14.0	288
41.0	14.5	2772
41.0	15.0	214
41.0	15.5	9
41.0	16.0	13
41.0	16.5	295
41.0	17.0	1717
41.0	17.5	2
41.0	20.0	2593
41.0	20.5	19
41.0	21.0	325
41.0	21.5	2345
41.0	22.0	37
41.0	22.5	17
41.0	23.0	8
41.0	23.5	119
41.0	24.0	51
41.0	24.5	174
41.0	25.0	662
41.0	25.5	9
41.0	26.0	71
41.0	27.5	314
41.0	28.0	23
41.0	28.5	105
41.0	29.0	30388
41.0	29.5	275
41.0	30.0	419
41.0	30.5	722
41.0	31.0	22
41.0	31.5	2
41.0	32.0	2
41.0	32.5	54
41.0	33.0	80
41.0	35.5	3
41.0	36.0	24
41.0	36.5	264
41.0	38.0	17
41.0	38.5	7
41.0	39.5	302
41.0	40.0	70
41.0	40.5	56
41.0	42.0	17
41.0	44.0	2
41.0	44.5	2
41.0	64.5	216
41.0	75.0	25
41.0	80.5	4
41.0	111.5	197
41.0	115.0	9247
41.0	118.0	23
41.0	121.0	3142
41.0	122.0	18
41.0	123.0	38
41.0	140.5	9
41.5	-112.0	4580
41.5	-109.0	1
41.5	-105.5	16
41.5	-97.5	4
41.5	-96.5	9
41.5	-96.0	89
41.5	-94.0	1
41.5	-93.5	237
41.5	-93.0	1
41.5	-91.5	23
41.5	-90.5	65
41.5	-88.0	201
41.5	-87.5	36
41.5	-87.0	10
41.5	-86.5	47
41.5	-86.0	214
41.5	-85.0	1
41.5	-84.5	1
41.5	-84.0	1
41.5	-83.5	968
41.5	-83.0	1
41.5	-82.5	3
41.5	-82.0	194
41.5	-81.5	1153
41.5	-81.0	2
41.5	-80.0	1
41.5	-79.5	1
41.5	-77.0	3
41.5	-76.5	7
41.5	-76.0	1
41.5	-75.5	37
41.5	-74.5	71
41.5	-74.0	193
41.5	-73.5	49
41.5	-73.0	262
41.5	-72.5	185
41.5	-72.0	84
41.5	-71.5	373
41.5	-71.0	105
41.5	-70.5	60
41.5	-70.0	1
41.5	-9.0	334
41.5	-8.5	4758
41.5	-8.0	147
41.5	-7.5	342
41.5	-7.0	6
41.5	-5.5	44
41.5	-5.0	5
41.5	-4.5	1323
41.5	-4.0	2
41.5	-3.5	4
41.5	-3.0	7
41.5	-1.5	1
41.5	-1.0	901
41.5	-0.5	3
41.5	0.5	97
41.5	1.0	11
41.5	1.5	84
41.5	2.0	13050
41.5	2.5	260
41.5	3.0	14
41.5	12.5	74
41.5	13.0	84
41.5	13.5	25
41.5	14.0	56
41.5	14.5	19
41.5	15.0	12
41.5	15.5	60
41.5	16.0	2
41.5	16.5	95
41.5	20.0	377
41.5	21.0	5
41.5	21.5	112
41.5	22.0	1003
41.5	22.5	18
41.5	23.5	3
41.5	24.5	45
41.5	26.5	76
41.5	27.0	40
41.5	27.5	6
41.5	28.0	10
41.5	31.5	21
41.5	32.0	77
41.5	32.5	90
41.5	33.5	3
41.5	34.0	41
41.5	36.0	14
41.5	36.5	87
41.5	45.0	379
41.5	69.0	23
41.5	69.5	1
41.5	120.5	66
41.5	123.0	22
41.5	126.0	3
42.0	-124.5	3
42.0	-123.5	1
42.0	-122.5	84
42.0	-122.0	3
42.0	-112.0	650
42.0	-97.5	6
42.0	-94.5	1
42.0	-94.0	3
42.0	-93.5	223
42.0	-92.5	1
42.0	-91.5	28
42.0	-90.0	3
42.0	-89.0	131
42.0	-88.5	75
42.0	-88.0	662
42.0	-87.5	4088
42.0	-86.5	80
42.0	-85.5	6
42.0	-85.0	4
42.0	-84.0	11
42.0	-83.5	125
42.0	-83.0	3
42.0	-82.5	7
42.0	-82.0	1
42.0	-81.0	100
42.0	-80.0	66
42.0	-78.5	9
42.0	-78.0	4
42.0	-77.0	67
42.0	-76.5	2
42.0	-76.0	104
42.0	-74.5	5
42.0	-74.0	11
42.0	-73.5	16
42.0	-73.0	50
42.0	-72.5	433
42.0	-72.0	127
42.0	-71.5	164
42.0	-71.0	260
42.0	-70.5	75
42.0	-70.0	16
42.0	-9.0	15
42.0	-8.5	488
42.0	-8.0	11
42.0	-7.5	7
42.0	-7.0	162
42.0	-6.0	1
42.0	-5.5	1
42.0	-4.5	28
42.0	-2.5	22
42.0	-2.0	15
42.0	-1.5	71
42.0	-0.5	14
42.0	0.0	11
42.0	1.0	2
42.0	1.5	2
42.0	2.0	81
42.0	2.5	20
42.0	3.0	298
42.0	8.5	167
42.0	9.0	4
42.0	12.0	27
42.0	12.5	8870
42.0	13.0	30
42.0	13.5	69
42.0	14.0	14
42.0	14.5	110
42.0	15.0	3
42.0	19.0	2
42.0	19.5	24
42.0	21.0	108
42.0	21.5	3416
42.0	22.0	55
42.0	22.5	4
42.0	23.0	39
42.0	24.5	190
42.0	25.5	20
42.0	27.0	51
42.0	35.0	28
42.0	43.5	154
42.0	44.0	1
42.0	48.5	13
42.0	86.0	8
42.0	121.5	137
42.0	123.5	19882
42.0	124.0	496
42.0	126.5	38
42.0	140.5	18
42.5	-123.5	5
42.5	-123.0	3
42.5	-112.5	1
42.5	-112.0	17
42.5	-96.5	5
42.5	-96.0	8
42.5	-95.0	1
42.5	-94.0	1
42.5	-92.5	90
42.5	-90.5	6
42.5	-89.0	23
42.5	-88.5	322
42.5	-88.0	44
42.5	-85.5	39
42.5	-85.0	3
42.5	-84.5	546
42.5	-84.0	31
42.5	-83.5	2043
42.5	-83.0	1326
42.5	-82.5	5
42.5	-82.0	2
42.5	-79.5	6
42.5	-79.0	19
42.5	-78.0	218
42.5	-77.5	14
42.5	-77.0	3
42.5	-76.5	82
42.5	-76.0	4
42.5	-75.5	2
42.5	-75.0	2
42.5	-74.5	4
42.5	-74.0	220
42.5	-73.5	137
42.5	-73.0	31
42.5	-72.5	117
42.5	-72.0	197
42.5	-71.5	910
42.5	-71.0	6550
42.5	-70.5	3
42.5	-9.0	85
42.5	-8.5	106
42.5	-8.0	52
42.5	-7.5	24
42.5	-6.5	12
42.5	-6.0	2
42.5	-5.5	755
42.5	-3.5	52
42.5	-3.0	1
42.5	-2.5	63
42.5	-2.0	5
42.5	-1.5	13
42.5	-0.5	32
42.5	1.0	1
42.5	1.5	23
42.5	2.5	20
42.5	3.0	80
42.5	9.0	1
42.5	9.5	5
42.5	11.0	17
42.5	11.5	1
42.5	12.0	43
42.5	12.5	127
42.5	13.0	11
42.5	13.5	371
42.5	14.0	1042
42.5	14.5	26
42.5	18.0	25
42.5	18.5	96
42.5	19.0	798
42.5	19.5	2772
42.5	22.5	1
42.5	23.0	48
42.5	23.5	5533
42.5	24.0	2
42.5	25.0	3
42.5	25.5	48
42.5	26.5	28
42.5	27.0	1
42.5	27.5	49
42.5	42.0	3
42.5	69.5	53
42.5	119.0	11
42.5	141.0	492
42.5	141.5	6
43.0	-124.5	1
43.0	-123.5	8
43.0	-112.5	17
43.0	-111.0	4
43.0	-108.5	2
43.0	-106.5	10
43.0	-105.5	5
43.0	-97.5	43
43.0	-97.0	14
43.0	-96.0	12
43.0	-95.5	4
43.0	-89.5	503
43.0	-89.0	6
43.0	-88.5	18
43.0	-88.0	182
43.0	-86.0	17
43.0	-85.5	60
43.0	-85.0	1
43.0	-84.5	2
43.0	-84.0	2
43.0	-83.5	68
43.0	-82.5	10
43.0	-81.0	309
43.0	-80.5	26
43.0	-80.0	5
43.0	-79.5	4
43.0	-79.0	1970
43.0	-78.5	14
43.0	-78.0	31
43.0	-77.5	379
43.0	-77.0	30
43.0	-76.0	168
43.0	-75.5	31
43.0	-75.0	337
43.0	-74.5	19
43.0	-74.0	252
43.0	-73.5	17
43.0	-73.0	33
43.0	-72.5	1
43.0	-72.0	10
43.0	-71.5	134
43.0	-71.0	324
43.0	-9.0	1
43.0	-8.5	495
43.0	-7.5	40
43.0	-6.5	1
43.0	-6.0	9
43.0	-5.5	5
43.0	-4.5	5
43.0	-3.0	103
43.0	-2.5	6577
43.0	-2.0	35
43.0	-1.5	853
43.0	-0.5	3
43.0	0.0	31
43.0	0.5	162
43.0	1.0	1
43.0	1.5	63
43.0	2.5	4
43.0	3.0	8
43.0	5.5	25
43.0	6.0	536
43.0	6.5	1
43.0	10.0	2
43.0	10.5	21
43.0	11.0	6
43.0	12.0	4
43.0	12.5	227
43.0	13.0	10246
43.0	13.5	92
43.0	14.0	67
43.0	17.5	1
43.0	19.0	57
43.0	20.5	40
43.0	22.0	133
43.0	23.0	7
43.0	23.5	143
43.0	24.0	87
43.0	24.5	39
43.0	25.5	77
43.0	26.5	5
43.0	28.0	3006
43.0	44.5	21
43.0	47.5	188
43.0	71.5	24
43.0	74.5	36
43.0	76.5	26
43.0	77.0	1103
43.0	93.5	1
43.0	125.0	8
43.0	129.5	799
43.0	132.0	1204
43.0	132.5	3
43.0	133.0	5
43.0	141.0	2
43.0	141.5	163
43.0	143.0	11
43.5	-116.5	397
43.5	-116.0	213
43.5	-114.5	1
43.5	-112.0	19
43.5	-101.0	256
43.5	-97.0	9
43.5	-96.5	7
43.5	-95.0	3
43.5	-94.5	1
43.5	-93.5	3
43.5	-89.5	3
43.5	-88.0	6
43.5	-86.0	1
43.5	-85.5	3
43.5	-85.0	44
43.5	-84.5	3
43.5	-84.0	143
43.5	-83.5	16
43.5	-83.0	4
43.5	-81.0	11
43.5	-80.5	1391
43.5	-80.0	879
43.5	-79.5	113420
43.5	-77.5	12
43.5	-76.5	53
43.5	-73.5	39
43.5	-72.5	47
43.5	-72.0	13
43.5	-71.5	7
43.5	-71.0	4
43.5	-70.5	23
43.5	-66.0	2
43.5	-8.5	814
43.5	-8.0	51
43.5	-7.5	2
43.5	-7.0	3
43.5	-6.0	531
43.5	-5.5	327
43.5	-4.0	467
43.5	-3.5	8
43.5	-3.0	2519
43.5	-2.5	64
43.5	-2.0	1234
43.5	-1.5	157
43.5	-1.0	9
43.5	-0.5	610
43.5	0.0	23
43.5	1.0	23
43.5	1.5	4009
43.5	2.0	3
43.5	2.5	18
43.5	3.0	24
43.5	3.5	78
43.5	4.0	2837
43.5	4.5	51
43.5	5.0	197
43.5	5.5	8531
43.5	6.0	23
43.5	6.5	42
43.5	7.0	967
43.5	7.5	540
43.5	10.5	3091
43.5	11.0	43
43.5	11.5	88
43.5	12.0	174
43.5	12.5	22
43.5	13.0	77
43.5	13.5	334
43.5	14.0	1
43.5	16.5	1689
43.5	17.0	1
43.5	17.5	5
43.5	18.0	478
43.5	19.0	3
43.5	19.5	5
43.5	20.5	40
43.5	21.0	2
43.5	21.5	134
43.5	22.0	2211
43.5	23.0	1
43.5	24.5	89
43.5	25.5	5
43.5	26.5	3
43.5	27.0	24
43.5	27.5	1
43.5	28.0	62
43.5	28.5	5
43.5	39.5	146
43.5	41.5	50
43.5	43.5	40
43.5	45.5	1
43.5	46.5	2
43.5	51.0	18
43.5	77.0	2
43.5	77.5	1
43.5	122.0	4
43.5	132.0	29
43.5	133.5	2
44.0	-123.0	132
44.0	-121.5	5
44.0	-116.5	10
44.0	-112.0	2
44.0	-111.0	1
44.0	-103.5	14
44.0	-103.0	193
44.0	-94.0	12
44.0	-93.0	1
44.0	-92.5	37
44.0	-91.5	24
44.0	-91.0	4
44.0	-89.5	1
44.0	-88.5	1
44.0	-87.5	3
44.0	-84.0	1
44.0	-81.5	1
44.0	-80.0	39
44.0	-79.5	822
44.0	-79.0	470
44.0	-78.5	1
44.0	-78.0	1
44.0	-77.5	23
44.0	-77.0	1
44.0	-76.5	283
44.0	-75.5	7
44.0	-73.0	7
44.0	-72.5	18
44.0	-71.5	4
44.0	-70.5	14
44.0	-70.0	34
44.0	-66.0	1
44.0	-65.0	1
44.0	-64.5	1
44.0	-1.5	5
44.0	-1.0	3
44.0	-0.5	12
44.0	0.0	4
44.0	0.5	8
44.0	1.0	4
44.0	1.5	97
44.0	2.0	239
44.0	2.5	10
44.0	3.0	1
44.0	3.5	1
44.0	4.0	89
44.0	4.5	89
44.0	5.0	225
44.0	5.5	4
44.0	6.0	53
44.0	6.5	2
44.0	7.5	13
44.0	8.0	18
44.0	8.5	12
44.0	10.0	175
44.0	10.5	1647
44.0	11.0	344
44.0	11.5	1546
44.0	12.0	179
44.0	12.5	92
44.0	13.0	21
44.0	15.5	32
44.0	16.0	19
44.0	17.0	48
44.0	17.5	570
44.0	18.0	250
44.0	18.5	4649
44.0	19.0	16
44.0	20.0	31
44.0	20.5	111
44.0	21.0	1599
44.0	21.5	29
44.0	22.0	5
44.0	22.5	4
44.0	23.0	1
44.0	23.5	3
44.0	24.0	1
44.0	24.5	27
44.0	25.0	10
44.0	25.5	25
44.0	26.0	75
44.0	26.5	8
44.0	27.0	2
44.0	27.5	6
44.0	28.5	99
44.0	41.0	4
44.0	42.0	12
44.0	42.5	1
44.0	43.0	53
44.0	43.5	4
44.0	81.5	1
44.0	87.5	853
44.0	125.5	15647
44.0	126.5	115
44.0	132.0	14
44.0	133.5	2
44.0	144.0	13
44.5	-123.5	191
44.5	-123.0	58
44.5	-122.5	1
44.5	-121.0	4
44.5	-111.0	1
44.5	-108.0	1
44.5	-105.5	3
44.5	-97.0	1473
44.5	-94.5	2
44.5	-93.5	36
44.5	-93.0	88
44.5	-92.5	1
44.5	-90.0	73
44.5	-89.5	2
44.5	-89.0	2
44.5	-88.5	1
44.5	-88.0	34
44.5	-84.5	35
44.5	-81.5	1
44.5	-80.0	3
44.5	-79.5	63
44.5	-78.5	175
44.5	-77.5	4
44.5	-76.5	151
44.5	-75.0	162
44.5	-74.0	4
44.5	-73.0	65
44.5	-72.5	6
44.5	-72.0	1
44.5	-71.5	2
44.5	-70.5	3
44.5	-69.5	6
44.5	-69.0	1
44.5	-68.0	30
44.5	-64.5	2
44.5	-64.0	2
44.5	-63.5	517
44.5	-1.0	17
44.5	-0.5	46
44.5	0.0	20
44.5	0.5	38
44.5	1.0	9
44.5	1.5	4
44.5	2.0	18
44.5	2.5	10
44.5	4.5	34
44.5	5.0	5
44.5	5.5	29
44.5	6.5	376
44.5	7.5	68
44.5	8.0	11
44.5	8.5	34
44.5	9.0	706
44.5	9.5	26
44.5	10.0	3
44.5	10.5	55
44.5	11.0	363
44.5	11.5	1331
44.5	12.0	150
44.5	12.5	2
44.5	15.5	5
44.5	16.5	3
44.5	18.0	33
44.5	18.5	1036
44.5	19.0	30
44.5	19.5	45
44.5	20.0	63
44.5	20.5	4
44.5	21.0	33
44.5	22.5	2
44.5	24.0	1276
44.5	24.5	16
44.5	25.5	12
44.5	26.0	14593
44.5	27.5	4
44.5	28.0	1
44.5	28.5	1
44.5	33.5	427
44.5	34.0	2
44.5	38.0	20
44.5	40.0	30
44.5	40.5	10
44.5	42.0	85
44.5	44.0	1
44.5	86.0	105
44.5	131.5	20
44.5	132.5	1
45.0	-123.5	7
45.0	-123.0	17
45.0	-95.5	1
45.0	-95.0	1
45.0	-94.0	14
45.0	-93.5	479
45.0	-93.0	261
45.0	-91.5	3
45.0	-89.5	1
45.0	-87.5	1
45.0	-86.0	1
45.0	-85.5	67
45.0	-79.5	1
45.0	-78.5	2
45.0	-76.0	736
45.0	-74.5	6
45.0	-73.5	17
45.0	-73.0	11
45.0	-72.5	1
45.0	-69.5	1
45.0	-69.0	8
45.0	-68.5	73
45.0	-64.5	7
45.0	-63.0	1
45.0	-1.0	1
45.0	-0.5	7183
45.0	0.0	10
45.0	0.5	17
45.0	1.5	7
45.0	3.5	5
45.0	4.0	12
45.0	4.5	2
45.0	5.0	164
45.0	5.5	3428
45.0	6.0	598
45.0	6.5	19
45.0	7.0	3
45.0	7.5	2837
45.0	8.0	60
45.0	8.5	76
45.0	9.0	260
45.0	9.5	67
45.0	10.0	8
45.0	10.5	263
45.0	11.0	150
45.0	11.5	755
45.0	12.0	70
45.0	12.5	1
45.0	13.5	5
45.0	14.0	76
45.0	14.5	5
45.0	15.5	2545
45.0	16.0	1
45.0	16.5	193
45.0	17.0	606
45.0	17.5	50
45.0	18.0	101
45.0	18.5	92
45.0	19.0	52
45.0	19.5	4
45.0	20.0	49
45.0	20.5	24570
45.0	21.0	7
45.0	21.5	14
45.0	23.0	1
45.0	23.5	9
45.0	24.0	137
45.0	24.5	135
45.0	25.0	237
45.0	25.5	227
45.0	26.0	408
45.0	27.0	75
45.0	28.5	17
45.0	29.0	2
45.0	29.5	15
45.0	34.0	12
45.0	36.5	6
45.0	37.5	5
45.0	38.0	2
45.0	38.5	1
45.0	39.0	969
45.0	40.0	6
45.0	41.0	2
45.0	42.0	653
45.0	65.5	8
45.0	78.5	20
45.5	-123.0	868
45.5	-122.5	1537
45.5	-121.0	1
45.5	-119.5	578
45.5	-111.0	30
45.5	-109.5	3
45.5	-94.5	8
45.5	-94.0	26
45.5	-93.5	18
45.5	-93.0	1
45.5	-91.0	2
45.5	-77.0	1
45.5	-76.5	5
45.5	-76.0	1
45.5	-75.5	6514
45.5	-74.0	584
45.5	-73.5	136524
45.5	-73.0	83
45.5	-72.5	192
45.5	-72.0	316
45.5	-71.5	42
45.5	-66.0	23
45.5	-63.5	2
45.5	-62.0	3
45.5	-1.0	29
45.5	-0.5	12
45.5	0.0	80
45.5	0.5	1
45.5	1.0	5
45.5	1.5	1
45.5	2.5	1
45.5	3.0	26
45.5	3.5	8
45.5	4.0	12
45.5	4.5	1527
45.5	5.0	2011
45.5	5.5	163
45.5	6.0	668
45.5	6.5	5
45.5	7.5	100
45.5	8.0	121
45.5	8.5	113
45.5	9.0	5179
45.5	9.5	1058
45.5	10.0	397
45.5	10.5	58
45.5	11.0	502
45.5	11.5	1094
45.5	12.0	2104
45.5	12.5	563
45.5	13.0	4
45.5	13.5	138
45.5	14.0	359
45.5	14.5	682
45.5	15.0	2
45.5	15.5	28
45.5	16.0	3931
45.5	16.5	3
45.5	17.0	21
45.5	17.5	12
45.5	18.0	9
45.5	18.5	965
45.5	19.0	39
45.5	19.5	31
45.5	20.0	5982
45.5	20.5	697
45.5	21.0	1521
45.5	22.0	18
45.5	22.5	22
45.5	23.0	6
45.5	23.5	137
45.5	24.5	4
45.5	25.0	7
45.5	25.5	617
45.5	26.0	1
45.5	27.0	37
45.5	27.5	1
45.5	28.0	458
45.5	29.0	8
45.5	38.5	3
45.5	39.5	6
45.5	40.5	160
45.5	41.5	101
46.0	-124.0	1
46.0	-123.5	1
46.0	-123.0	16
46.0	-122.5	4
46.0	-119.0	21
46.0	-118.5	11
46.0	-111.0	5
46.0	-108.5	5
46.0	-77.5	2
46.0	-77.0	9
46.0	-74.0	158
46.0	-73.5	39
46.0	-73.0	13
46.0	-72.0	9
46.0	-71.0	1
46.0	-67.0	5
46.0	-66.5	172
46.0	-65.0	393
46.0	-64.5	55
46.0	-64.0	1
46.0	-60.0	22
46.0	-1.5	196
46.0	-1.0	1077
46.0	-0.5	8
46.0	0.0	1391
46.0	0.5	6
46.0	1.0	28
46.0	1.5	527
46.0	2.0	1
46.0	3.0	1764
46.0	3.5	14
46.0	4.0	50
46.0	4.5	21
46.0	5.0	7433
46.0	5.5	12
46.0	6.0	485
46.0	6.5	61
46.0	7.0	66
46.0	7.5	17
46.0	8.5	46
46.0	9.0	862
46.0	9.5	105
46.0	10.0	25
46.0	10.5	8
46.0	11.0	1488
46.0	11.5	85
46.0	12.0	275
46.0	12.5	295
46.0	13.0	1078
46.0	13.5	142
46.0	14.0	281
46.0	14.5	2594
46.0	15.0	1159
46.0	15.5	108
46.0	16.0	1475
46.0	16.5	35
46.0	17.0	62
46.0	18.0	100
46.0	18.5	21
46.0	19.0	139
46.0	19.5	74
46.0	20.0	51
46.0	20.5	6
46.0	21.0	7
46.0	21.5	147
46.0	22.0	140
46.0	23.0	44
46.0	23.5	190
46.0	24.0	264
46.0	24.5	38
46.0	25.0	7319
46.0	26.0	26
46.0	27.5	9
46.0	28.0	2
46.0	38.0	2
46.0	39.5	4
46.0	40.0	2
46.0	105.0	121
46.0	126.5	11566
46.0	131.0	19
46.5	-123.0	1
46.5	-121.0	2
46.5	-120.5	1
46.5	-120.0	1
46.5	-119.5	17
46.5	-118.0	1
46.5	-117.0	229
46.5	-114.0	1
46.5	-112.0	26
46.5	-92.0	2
46.5	-87.5	4
46.5	-86.5	1
46.5	-84.5	6
46.5	-82.5	4
46.5	-81.0	92
46.5	-79.5	1
46.5	-75.5	2
46.5	-72.5	119
46.5	-71.5	22
46.5	-71.0	153
46.5	-70.5	14
46.5	-65.5	4
46.5	-64.0	9
46.5	-63.0	23
46.5	-2.0	3
46.5	-1.5	21
46.5	-1.0	2
46.5	-0.5	71
46.5	0.0	8
46.5	0.5	610
46.5	1.0	1
46.5	1.5	14
46.5	2.0	4
46.5	2.5	2
46.5	3.0	3
46.5	4.0	5
46.5	4.5	12
46.5	5.0	40
46.5	5.5	42
46.5	6.0	119
46.5	6.5	1906
46.5	7.0	4583
46.5	7.5	31
46.5	10.0	4
46.5	10.5	1
46.5	11.0	31
46.5	11.5	209
46.5	12.5	1
46.5	13.0	2
46.5	14.0	81
46.5	14.5	148
46.5	15.0	104
46.5	15.5	576
46.5	16.0	92
46.5	16.5	378
46.5	17.0	3
46.5	17.5	3
46.5	18.0	43
46.5	18.5	4
46.5	19.0	6
46.5	19.5	4
46.5	20.0	817
46.5	20.5	38
46.5	21.0	9
46.5	21.5	4
46.5	23.0	1
46.5	23.5	100
46.5	24.0	129
46.5	24.5	402
46.5	25.0	8
46.5	25.5	4
46.5	26.0	69
46.5	26.5	43
46.5	27.0	97
46.5	27.5	4
46.5	28.0	28
46.5	30.5	3068
46.5	32.5	91
46.5	34.0	9
46.5	38.5	10
46.5	41.0	1
46.5	48.0	873
46.5	143.0	3
47.0	-123.5	2
47.0	-123.0	38
47.0	-122.5	22
47.0	-122.0	1
47.0	-120.5	26
47.0	-119.5	13
47.0	-118.0	34
47.0	-117.0	2
47.0	-114.0	20
47.0	-113.5	1
47.0	-101.0	2
47.0	-100.5	2
47.0	-97.0	649
47.0	-96.5	2
47.0	-92.0	23
47.0	-88.5	73
47.0	-71.0	594
47.0	-70.5	10
47.0	-68.0	1
47.0	-2.0	3
47.0	-1.5	1986
47.0	-1.0	20
47.0	-0.5	15
47.0	0.0	7
47.0	0.5	6
47.0	1.0	2
47.0	1.5	38
47.0	2.0	95
47.0	2.5	471
47.0	3.0	300
47.0	4.5	32
47.0	5.0	72
47.0	5.5	65
47.0	6.0	3971
47.0	6.5	47
47.0	7.0	340
47.0	7.5	521
47.0	8.0	24446
47.0	8.5	652
47.0	9.0	28
47.0	9.5	460
47.0	10.0	41
47.0	10.5	29
47.0	11.0	1
47.0	11.5	13
47.0	12.0	7
47.0	13.0	1
47.0	13.5	19
47.0	14.5	6
47.0	15.0	20
47.0	15.5	2246
47.0	16.0	22
47.0	16.5	9
47.0	17.0	8
47.0	17.5	3
47.0	18.0	95
47.0	18.5	191
47.0	19.0	102
47.0	19.5	51
47.0	20.0	13
47.0	20.5	52
47.0	22.0	101
47.0	22.5	18
47.0	23.0	46
47.0	23.5	2662
47.0	24.0	49
47.0	24.5	192
47.0	25.5	5
47.0	26.5	26
47.0	27.0	7
47.0	27.5	2287
47.0	28.5	3
47.0	29.0	3252
47.0	29.5	119
47.0	32.0	348
47.0	35.5	3
47.0	37.0	1
47.0	37.5	181
47.0	39.0	1414
47.0	39.5	5154
47.0	42.5	5
47.0	52.0	61
47.0	75.0	1
47.0	130.5	23
47.0	142.5	2
47.5	-123.0	1
47.5	-122.5	6873
47.5	-122.0	2127
47.5	-120.5	29
47.5	-119.5	1
47.5	-117.5	42
47.5	-117.0	123
47.5	-114.5	1
47.5	-114.0	4
47.5	-111.5	1
47.5	-95.0	8
47.5	-88.5	9
47.5	-82.0	84
47.5	-79.5	5
47.5	-67.5	10
47.5	-66.0	1
47.5	-65.5	2
47.5	-53.0	32
47.5	-52.5	226
47.5	-3.5	85
47.5	-3.0	222
47.5	-2.5	30
47.5	-2.0	48
47.5	-1.5	26
47.5	-1.0	50
47.5	-0.5	586
47.5	0.0	6
47.5	0.5	504
47.5	1.0	66
47.5	1.5	231
47.5	2.0	3
47.5	2.5	5
47.5	3.0	1
47.5	3.5	45
47.5	4.5	7
47.5	5.0	4302
47.5	5.5	6
47.5	6.0	37
47.5	6.5	20
47.5	7.0	383
47.5	7.5	296
47.5	8.0	196
47.5	8.5	3799
47.5	9.0	317
47.5	9.5	660
47.5	10.0	43
47.5	10.5	67
47.5	11.0	25
47.5	11.5	553
47.5	12.0	44
47.5	12.5	13
47.5	13.0	287
47.5	13.5	2
47.5	15.0	138
47.5	15.5	14
47.5	16.0	55
47.5	16.5	23
47.5	17.0	16
47.5	17.5	71
47.5	18.0	18
47.5	18.5	64
47.5	19.0	6096
47.5	19.5	239
47.5	20.0	13
47.5	21.5	142
47.5	22.5	7
47.5	23.5	49
47.5	24.5	1
47.5	25.0	9
47.5	25.5	3
47.5	26.0	23
47.5	26.5	469
47.5	27.0	3
47.5	34.0	1
47.5	34.5	2
47.5	39.5	5
47.5	40.0	213
47.5	40.5	1
47.5	41.0	2
47.5	42.0	14
47.5	124.0	66
48.0	-123.5	1
48.0	-123.0	3
48.0	-122.5	88
48.0	-122.0	326
48.0	-117.0	9
48.0	-114.5	1
48.0	-106.5	15
48.0	-101.5	3
48.0	-97.5	7
48.0	-97.0	514
48.0	-80.0	1
48.0	-79.0	31
48.0	-78.0	1084
48.0	-69.5	74
48.0	-69.0	2
48.0	-4.5	3
48.0	-4.0	52
48.0	-3.5	26
48.0	-3.0	803
48.0	-2.5	41
48.0	-2.0	154
48.0	-1.5	1196
48.0	-1.0	79
48.0	-0.5	31
48.0	0.0	86
48.0	1.0	6
48.0	1.5	942
48.0	2.0	1989
48.0	2.5	33
48.0	3.0	8
48.0	3.5	23
48.0	4.0	11
48.0	5.0	373
48.0	6.5	17
48.0	7.0	54
48.0	7.5	1529
48.0	8.0	619
48.0	8.5	35
48.0	9.0	119
48.0	9.5	135
48.0	10.0	115
48.0	10.5	80
48.0	11.0	330
48.0	11.5	10210
48.0	12.0	254
48.0	12.5	145
48.0	13.0	704
48.0	13.5	43
48.0	14.0	695
48.0	14.5	110
48.0	15.0	195
48.0	15.5	63
48.0	16.0	177
48.0	16.5	6970
48.0	17.0	841
48.0	17.5	19
48.0	18.0	2
48.0	18.5	1
48.0	19.0	9
48.0	19.5	3
48.0	20.0	24
48.0	20.5	282
48.0	21.0	488
48.0	21.5	113
48.0	22.0	2
48.0	23.0	49
48.0	23.5	1
48.0	25.5	2
48.0	26.0	48
48.0	27.5	1
48.0	28.0	17
48.0	31.0	5
48.0	33.5	31
48.0	35.0	408
48.0	36.0	1
48.0	37.0	1
48.0	37.5	2
48.0	38.0	1543
48.0	39.0	1
48.0	39.5	2
48.0	40.0	27
48.0	42.0	3
48.0	65.5	939
48.0	66.0	21
48.0	107.0	855
48.5	-123.5	181
48.5	-123.0	1
48.5	-122.5	43
48.5	-121.5	3
48.5	-117.5	2
48.5	-116.5	2
48.5	-114.5	1
48.5	-102.5	1
48.5	-89.0	159
48.5	-86.5	2
48.5	-81.5	1
48.5	-72.0	3
48.5	-71.5	2
48.5	-71.0	723
48.5	-70.5	13
48.5	-68.5	475
48.5	-58.5	1
48.5	-5.0	3
48.5	-4.5	670
48.5	-4.0	33
48.5	-3.5	56
48.5	-3.0	93
48.5	-2.5	46
48.5	-2.0	67
48.5	-1.5	10
48.5	-1.0	28
48.5	-0.5	11
48.5	0.0	42
48.5	1.5	12
48.5	2.0	5258
48.5	2.5	2122
48.5	3.0	182
48.5	3.5	26
48.5	4.0	198
48.5	4.5	5
48.5	5.0	4
48.5	5.5	17
48.5	6.0	2995
48.5	6.5	24
48.5	7.0	17
48.5	7.5	124
48.5	8.0	3402
48.5	8.5	50
48.5	9.0	776
48.5	9.5	224
48.5	10.0	642
48.5	10.5	29
48.5	11.0	463
48.5	11.5	288
48.5	12.0	172
48.5	12.5	81
48.5	13.0	68
48.5	13.5	80
48.5	14.0	49
48.5	14.5	547
48.5	15.0	1
48.5	15.5	135
48.5	16.0	19
48.5	16.5	322
48.5	17.0	4
48.5	17.5	24
48.5	18.0	5
48.5	18.5	19
48.5	19.0	34
48.5	20.0	49
48.5	20.5	1
48.5	21.5	327
48.5	22.0	8
48.5	22.5	148
48.5	23.0	1
48.5	24.5	1
48.5	26.0	330
48.5	32.5	115
48.5	33.5	1
48.5	34.5	6
48.5	35.0	1052
48.5	37.0	6
48.5	37.5	42
48.5	39.0	34
48.5	39.5	36
48.5	40.0	1
48.5	44.5	711
48.5	135.0	1033
49.0	-125.0	2
49.0	-124.0	16
49.0	-123.5	36
49.0	-123.0	1257
49.0	-122.5	67
49.0	-122.0	187
49.0	-117.5	4
49.0	-87.0	1
49.0	-86.0	1
49.0	-3.5	16
49.0	-2.0	7
49.0	-1.5	67
49.0	-1.0	55
49.0	-0.5	1384
49.0	0.0	6
49.0	0.5	4
49.0	1.0	77
49.0	1.5	255
49.0	2.0	4703
49.0	2.5	131969
49.0	3.0	75
49.0	3.5	371
49.0	4.0	54
49.0	4.5	4
49.0	5.0	1
49.0	5.5	1
49.0	6.0	659
49.0	6.5	32
49.0	7.0	1913
49.0	7.5	45
49.0	8.0	152
49.0	8.5	2183
49.0	9.0	4452
49.0	9.5	172
49.0	10.0	70
49.0	10.5	17
49.0	11.0	33
49.0	11.5	134
49.0	12.0	471
49.0	12.5	149
49.0	13.0	34
49.0	13.5	1
49.0	14.5	173
49.0	15.0	9
49.0	15.5	4
49.0	16.0	62
49.0	16.5	1022
49.0	17.0	135
49.0	17.5	75
49.0	18.0	3
49.0	18.5	53
49.0	19.0	24
49.0	19.5	845
49.0	20.0	14
49.0	20.5	11
49.0	21.0	107
49.0	21.5	41
49.0	24.5	52
49.0	28.5	226
49.0	29.5	2
49.0	32.0	4
49.0	33.5	105
49.0	37.5	17
49.0	38.0	1
49.0	38.5	171
49.0	44.0	7
49.0	45.0	30
49.0	120.0	2
49.5	-125.0	1
49.5	-124.5	1
49.5	-124.0	3
49.5	-123.0	1836
49.5	-122.5	65
49.5	-117.5	74
49.5	-116.0	1
49.5	-115.0	4
49.5	-113.0	316
49.5	-99.5	1
49.5	-97.5	205
49.5	-2.0	2
49.5	-1.5	59
49.5	-0.5	4
49.5	0.0	2232
49.5	0.5	13
49.5	1.0	2947
49.5	1.5	5
49.5	2.0	13
49.5	2.5	170
49.5	3.0	256
49.5	3.5	38
49.5	4.0	612
49.5	4.5	1
49.5	5.0	3
49.5	5.5	19
49.5	6.0	1831
49.5	6.5	220
49.5	7.0	185
49.5	7.5	162
49.5	8.0	62
49.5	8.5	1325
49.5	9.0	51
49.5	9.5	477
49.5	10.0	21
49.5	10.5	46
49.5	11.0	1350
49.5	11.5	33
49.5	12.0	50
49.5	12.5	9
49.5	13.0	9
49.5	13.5	90
49.5	14.0	2
49.5	14.5	12
49.5	15.0	1
49.5	15.5	55
49.5	16.0	4
49.5	16.5	42
49.5	17.0	50
49.5	17.5	211
49.5	18.0	63
49.5	18.5	16
49.5	19.0	8
49.5	19.5	1
49.5	20.0	10
49.5	20.5	36
49.5	21.0	14
49.5	21.5	8
49.5	22.0	46
49.5	23.5	3
49.5	25.0	4
49.5	25.5	187
49.5	27.0	122
49.5	28.5	3
49.5	29.5	5
49.5	30.0	8
49.5	32.0	127
49.5	34.5	69
49.5	44.5	1
49.5	45.5	142
49.5	73.0	1
50.0	-125.5	1
50.0	-123.0	8
50.0	-121.0	1
50.0	-119.5	462
50.0	-119.0	9
50.0	-113.0	2
50.0	-105.5	96
50.0	-101.0	1
50.0	-100.0	15
50.0	-97.5	146
50.0	-97.0	821
50.0	-87.5	1
50.0	-77.5	3
50.0	-5.5	9
50.0	-5.0	8
50.0	0.5	1
50.0	1.0	3
50.0	1.5	3
50.0	2.0	4
50.0	2.5	125
50.0	3.0	18
50.0	3.5	9
50.0	4.0	12
50.0	5.0	84
50.0	5.5	10
50.0	6.0	606
50.0	6.5	33
50.0	7.0	291
50.0	7.5	27
50.0	8.0	1165
50.0	8.5	9799
50.0	9.0	545
50.0	9.5	27
50.0	10.0	1265
50.0	10.5	6
50.0	11.0	162
50.0	11.5	71
50.0	12.0	23
50.0	12.5	3
50.0	13.0	2
50.0	13.5	3
50.0	14.0	54
50.0	14.5	5342
50.0	15.0	134
50.0	15.5	22
50.0	16.0	171
50.0	16.5	15
50.0	17.0	2
50.0	17.5	3
50.0	18.0	74
50.0	18.5	387
50.0	19.0	259
50.0	19.5	59
50.0	20.0	3021
50.0	20.5	20
50.0	21.0	55
50.0	21.5	155
50.0	22.0	1220
50.0	22.5	10
50.0	23.0	9
50.0	24.0	2075
50.0	25.0	1
50.0	28.5	1
50.0	30.0	7
50.0	30.5	1
50.0	31.5	81
50.0	33.0	8
50.0	35.5	5
50.0	36.0	7445
50.0	36.5	2
50.0	38.0	1
50.0	43.0	4
50.0	45.5	13
50.0	73.0	151
50.0	73.5	8
50.0	82.5	3
50.0	106.0	7
50.0	137.0	239
50.5	-121.0	202
50.5	-120.5	14
50.5	-120.0	23
50.5	-119.5	4
50.5	-114.0	4
50.5	-108.0	5
50.5	-104.5	253
50.5	-88.0	163
50.5	-5.0	19
50.5	-4.5	4
50.5	-4.0	269
50.5	-3.5	212
50.5	-2.5	29
50.5	-2.0	116
50.5	-1.5	1
50.5	-1.0	4
50.5	1.5	4
50.5	2.0	4
50.5	2.5	194
50.5	3.0	5421
50.5	3.5	468
50.5	4.0	1737
50.5	4.5	924
50.5	5.0	750
50.5	5.5	1835
50.5	6.0	72
50.5	6.5	58
50.5	7.0	1139
50.5	7.5	587
50.5	8.0	85
50.5	8.5	214
50.5	9.0	24
50.5	9.5	122
50.5	10.0	19
50.5	10.5	78
50.5	11.0	238
50.5	11.5	16
50.5	12.0	27
50.5	12.5	145
50.5	13.0	96
50.5	13.5	1
50.5	14.0	43
50.5	14.5	9
50.5	15.0	13
50.5	16.0	37
50.5	16.5	36
50.5	17.5	12
50.5	18.0	1312
50.5	18.5	260
50.5	19.0	1711
50.5	19.5	47
50.5	20.0	6
50.5	20.5	2
50.5	21.0	7
50.5	21.5	78
50.5	22.0	1
50.5	22.5	2
50.5	23.0	1
50.5	23.5	5
50.5	25.5	18
50.5	26.5	22
50.5	27.0	2
50.5	28.5	26
50.5	30.0	167
50.5	30.5	22427
50.5	31.0	78
50.5	32.5	1
50.5	36.5	285
50.5	37.0	1
50.5	38.0	1
50.5	40.0	3
50.5	45.0	1
50.5	57.0	37
50.5	80.5	12
50.5	83.5	2897
50.5	127.5	47
50.5	137.0	82
51.0	-114.5	51
51.0	-114.0	606
51.0	-104.0	4
51.0	-103.5	13
51.0	-4.5	7
51.0	-3.0	85
51.0	-2.5	22
51.0	-2.0	34
51.0	-1.5	567
51.0	-1.0	278
51.0	-0.5	386
51.0	0.0	292
51.0	0.5	29
51.0	1.0	8
51.0	1.5	7
51.0	2.0	226
51.0	2.5	282
51.0	3.0	189
51.0	3.5	1316
51.0	4.0	349
51.0	4.5	22234
51.0	5.0	331
51.0	5.5	1204
51.0	6.0	1007
51.0	6.5	292
51.0	7.0	3503
51.0	7.5	133
51.0	8.0	120
51.0	8.5	33
51.0	9.0	48044
51.0	9.5	110
51.0	10.0	13
51.0	10.5	83
51.0	11.0	1231
51.0	11.5	343
51.0	12.0	145
51.0	12.5	44
51.0	13.0	316
51.0	13.5	1205
51.0	14.0	13
51.0	14.5	47
51.0	15.0	14
51.0	15.5	29
51.0	16.0	29
51.0	16.5	45
51.0	17.0	2165
51.0	17.5	15
51.0	18.5	76
51.0	19.0	168
51.0	20.0	4
51.0	20.5	168
51.0	21.0	2
51.0	21.5	3
51.0	22.5	616
51.0	23.0	8
51.0	23.5	1
51.0	35.0	240
51.0	38.5	2
51.0	39.5	11
51.0	42.0	12
51.0	50.0	2
51.0	53.0	71
51.0	55.0	6
51.0	58.5	78
51.0	60.0	2
51.0	71.5	20
51.5	-114.0	17
51.5	-109.0	1
51.5	-5.0	1
51.5	-4.0	198
51.5	-3.5	212
51.5	-3.0	623
51.5	-2.5	915
51.5	-2.0	180
51.5	-1.5	537
51.5	-1.0	342
51.5	-0.5	1566
51.5	0.0	47799
51.5	0.5	249
51.5	1.0	109
51.5	1.5	13
51.5	3.0	1
51.5	3.5	57
51.5	4.0	33
51.5	4.5	202
51.5	5.0	882
51.5	5.5	1446
51.5	6.0	174
51.5	6.5	449
51.5	7.0	5053
51.5	7.5	1530
51.5	8.0	884
51.5	8.5	70
51.5	9.0	81
51.5	9.5	207
51.5	10.0	691
51.5	10.5	73
51.5	11.0	16
51.5	11.5	28
51.5	12.0	4443
51.5	12.5	828
51.5	13.0	8
51.5	13.5	28
51.5	14.0	55
51.5	14.5	8
51.5	15.5	9
51.5	16.0	21
51.5	16.5	5
51.5	17.0	10
51.5	18.0	13
51.5	18.5	43
51.5	19.0	49
51.5	19.5	61
51.5	20.5	11
51.5	21.0	18
51.5	22.0	9
51.5	22.5	5
51.5	23.0	1
51.5	23.5	3
51.5	31.5	1410
51.5	35.5	1
51.5	36.0	438
51.5	38.0	11
51.5	39.0	10992
51.5	39.5	1
51.5	46.0	1453
51.5	47.0	4
51.5	55.0	38
51.5	55.5	154
51.5	57.5	23
51.5	58.5	12
51.5	81.0	1
51.5	94.5	1
51.5	107.0	65
51.5	108.0	2
51.5	128.0	2
52.0	-114.0	7
52.0	-106.5	179
52.0	-8.5	382
52.0	-4.5	2
52.0	-4.0	92
52.0	-3.5	1
52.0	-3.0	4
52.0	-2.5	5
52.0	-2.0	3011
52.0	-1.5	91
52.0	-1.0	232
52.0	-0.5	430
52.0	0.0	1323
52.0	0.5	108
52.0	1.0	207
52.0	1.5	3
52.0	4.0	42
52.0	4.5	4919
52.0	5.0	2859
52.0	5.5	1210
52.0	6.0	1287
52.0	6.5	69
52.0	7.0	795
52.0	7.5	981
52.0	8.0	71
52.0	8.5	389
52.0	9.0	46
52.0	9.5	64
52.0	10.0	134
52.0	10.5	1593
52.0	11.0	144
52.0	11.5	565
52.0	12.0	32
52.0	12.5	2
52.0	13.0	4
52.0	14.0	8
52.0	14.5	20
52.0	15.5	179
52.0	16.0	3
52.0	16.5	17
52.0	17.0	1
52.0	17.5	6
52.0	18.0	13
52.0	18.5	65
52.0	19.5	675
52.0	20.0	9
52.0	20.5	35
52.0	21.0	8106
52.0	21.5	198
52.0	22.5	38
52.0	23.5	45
52.0	26.0	1
52.0	35.5	3
52.0	36.5	1170
52.0	45.0	2
52.0	45.5	2
52.0	47.0	1
52.0	48.0	31
52.0	55.0	19
52.0	77.0	16
52.0	86.0	10
52.0	104.0	36
52.0	107.5	246
52.0	113.5	15
52.0	116.0	1
52.0	128.0	1
52.5	-114.0	6
52.5	-107.0	6
52.5	-9.5	5
52.5	-8.5	310
52.5	-8.0	7
52.5	-7.0	224
52.5	-6.5	17
52.5	-3.5	3
52.5	-3.0	17
52.5	-2.5	187
52.5	-2.0	910
52.5	-1.5	1139
52.5	-1.0	421
52.5	-0.5	233
52.5	0.0	31
52.5	0.5	14
52.5	1.0	12
52.5	1.5	69
52.5	4.5	213
52.5	5.0	158919
52.5	5.5	194
52.5	6.0	96
52.5	6.5	53
52.5	7.0	169
52.5	7.5	137
52.5	8.0	229
52.5	8.5	28
52.5	9.0	198
52.5	9.5	1828
52.5	10.0	98
52.5	10.5	434
52.5	11.0	33
52.5	11.5	12
52.5	12.0	5
52.5	12.5	56
52.5	13.0	1044
52.5	13.5	11158
52.5	14.0	8
52.5	14.5	77
52.5	15.5	1
52.5	16.0	13
52.5	16.5	68
52.5	17.0	1453
52.5	17.5	13
52.5	18.0	1
52.5	18.5	5
52.5	19.0	1155
52.5	19.5	11
52.5	21.0	39
52.5	21.5	3
52.5	31.0	114
52.5	32.0	1
52.5	33.0	6
52.5	35.5	4
52.5	36.0	2
52.5	37.5	1
52.5	38.5	1
52.5	39.5	718
52.5	40.0	2
52.5	41.5	143
52.5	58.5	1
52.5	77.0	36
52.5	79.5	1
52.5	85.5	106
52.5	103.5	29
52.5	104.0	19
52.5	104.5	1753
53.0	-106.0	2
53.0	-9.0	5
53.0	-8.0	1
53.0	-7.0	47
53.0	-6.5	11
53.0	-6.0	21
53.0	-4.0	38
53.0	-3.5	24
53.0	-3.0	113
53.0	-2.5	46
53.0	-2.0	351
53.0	-1.5	152
53.0	-1.0	813
53.0	-0.5	117
53.0	0.0	43
53.0	0.5	4
53.0	4.5	2
53.0	5.0	25
53.0	5.5	11
53.0	6.0	147
53.0	6.5	814
53.0	7.0	11
53.0	7.5	56
53.0	8.0	536
53.0	8.5	43
53.0	9.0	809
53.0	9.5	18
53.0	10.0	1
53.0	10.5	84
53.0	11.0	6
53.0	12.0	2
53.0	13.0	1
53.0	14.0	2
53.0	14.5	4
53.0	15.5	9
53.0	16.5	12
53.0	17.0	1
53.0	18.0	330
53.0	18.5	1421
53.0	19.0	2
53.0	20.5	1
53.0	22.0	26
53.0	23.0	417
53.0	27.5	1
53.0	28.0	1706
53.0	29.0	4
53.0	32.0	1
53.0	32.5	1
53.0	36.0	487
53.0	39.0	2
53.0	40.5	5
53.0	42.5	40
53.0	44.0	2
53.0	45.0	275
53.0	45.5	3
53.0	46.0	60
53.0	46.5	9
53.0	48.0	2
53.0	48.5	1
53.0	49.0	2
53.0	50.0	3065
53.0	50.5	4
53.0	52.5	11
53.0	56.0	1
53.0	63.5	24
53.0	78.5	3
53.0	86.0	1
53.0	91.5	1
53.0	103.5	1
53.0	142.5	2
53.0	158.5	12
53.5	-114.0	8
53.5	-113.5	6324
53.5	-113.0	3
53.5	-110.5	1
53.5	-60.5	6
53.5	-9.0	150
53.5	-8.0	95
53.5	-7.5	12
53.5	-7.0	7
53.5	-6.5	8738
53.5	-6.0	49
53.5	-4.5	2
53.5	-4.0	2
53.5	-3.5	86
53.5	-3.0	498
53.5	-2.5	439
53.5	-2.0	831
53.5	-1.5	530
53.5	-1.0	38
53.5	-0.5	203
53.5	0.0	43
53.5	6.0	8
53.5	6.5	11
53.5	7.0	9
53.5	7.5	12
53.5	8.0	24
53.5	8.5	22
53.5	9.0	2
53.5	9.5	50
53.5	10.0	2285
53.5	10.5	44
53.5	11.5	40
53.5	12.0	10
53.5	12.5	4
53.5	13.0	2
53.5	13.5	6
53.5	14.5	236
53.5	15.0	107
53.5	16.0	5
53.5	17.5	4
53.5	18.0	4
53.5	18.5	5
53.5	19.0	15
53.5	20.0	1
53.5	20.5	17
53.5	21.0	7
53.5	22.0	3
53.5	23.0	1
53.5	23.5	1
53.5	24.0	111
53.5	27.0	1
53.5	33.5	5
53.5	34.5	589
53.5	40.0	1
53.5	43.0	8
53.5	45.0	20
53.5	49.5	271
53.5	50.5	1
53.5	51.5	2
53.5	56.0	75
53.5	59.0	588
53.5	69.5	16
53.5	84.0	349
53.5	85.0	2
53.5	88.0	2
53.5	91.5	10
53.5	140.0	135
54.0	-122.5	21
54.0	-113.5	8
54.0	-111.5	1
54.0	-9.5	1
54.0	-7.0	1
54.0	-6.5	17
54.0	-6.0	4
54.0	-3.0	116
54.0	-2.5	190
54.0	-2.0	66
54.0	-1.5	569
54.0	-1.0	165
54.0	-0.5	5
54.0	7.5	1
54.0	8.5	2
54.0	9.0	17
54.0	9.5	18
54.0	10.0	48
54.0	10.5	264
54.0	11.0	28
54.0	11.5	32
54.0	12.0	382
54.0	12.5	1
54.0	13.0	5
54.0	13.5	320
54.0	14.0	4
54.0	14.5	1
54.0	16.0	90
54.0	18.0	22
54.0	18.5	2
54.0	19.0	1
54.0	19.5	1
54.0	20.5	179
54.0	21.0	1
54.0	22.5	27
54.0	23.0	2
54.0	25.5	4
54.0	27.5	1061
54.0	28.0	12
54.0	28.5	12
54.0	30.5	79
54.0	37.5	314
54.0	38.0	3
54.0	38.5	8
54.0	45.0	621
54.0	49.5	21
54.0	58.5	1
54.0	61.5	38
54.0	81.5	1
54.0	83.0	3
54.0	83.5	6
54.0	86.5	35
54.0	87.0	99
54.0	90.0	1
54.0	91.5	4
54.5	-130.5	1
54.5	-126.0	1
54.5	-110.5	3
54.5	-8.5	31
54.5	-8.0	1
54.5	-7.5	1
54.5	-7.0	1
54.5	-6.5	9
54.5	-6.0	370
54.5	-5.5	18
54.5	-3.5	29
54.5	-3.0	10
54.5	-2.0	5
54.5	-1.5	73
54.5	-1.0	81
54.5	8.5	3
54.5	9.5	60
54.5	10.0	1254
54.5	10.5	1
54.5	13.0	21
54.5	13.5	2
54.5	17.0	5
54.5	17.5	3
54.5	18.0	23
54.5	18.5	6692
54.5	19.0	1
54.5	20.5	339
54.5	21.0	1
54.5	22.0	7
54.5	22.5	1
54.5	23.0	6
54.5	23.5	3
54.5	24.0	1
54.5	25.0	20
54.5	25.5	4140
54.5	27.0	8
54.5	30.5	2
54.5	34.5	2
54.5	36.0	47
54.5	36.5	414
54.5	39.5	1196
54.5	45.5	3
54.5	48.5	2362
54.5	52.5	11
54.5	53.0	5
54.5	53.5	13
54.5	56.0	1375
54.5	60.5	5
54.5	61.5	21
54.5	73.0	225
54.5	77.5	9
54.5	83.5	17
54.5	86.0	1
54.5	86.5	498
55.0	-128.0	9
55.0	-127.0	1
55.0	-119.0	4
55.0	-89.0	1
55.0	-7.5	45
55.0	-6.5	39
55.0	-3.5	10
55.0	-3.0	7
55.0	-2.0	5
55.0	-1.5	1270
55.0	9.5	194
55.0	10.0	10
55.0	10.5	3
55.0	11.0	2
55.0	12.0	5
55.0	14.5	10
55.0	22.0	2
55.0	24.0	1628
55.0	24.5	5
55.0	25.0	6
55.0	26.0	2
55.0	30.0	72
55.0	32.0	182
55.0	32.5	1
55.0	34.5	1
55.0	35.0	16
55.0	36.5	371
55.0	37.0	9
55.0	37.5	542
55.0	38.0	72
55.0	39.0	98
55.0	43.5	139
55.0	46.5	1
55.0	48.0	113
55.0	50.0	153
55.0	52.5	4
55.0	57.5	2
55.0	59.0	2
55.0	59.5	10
55.0	60.0	34
55.0	60.5	3
55.0	61.0	24
55.0	61.5	2217
55.0	69.0	25
55.0	73.5	3506
55.0	82.5	4
55.0	83.0	9316
55.0	86.5	1
55.5	-131.5	7
55.5	-5.0	9
55.5	-4.5	13
55.5	-4.0	5
55.5	-3.0	11
55.5	8.5	56
55.5	9.0	19
55.5	9.5	11
55.5	10.0	4
55.5	10.5	171
55.5	11.0	5
55.5	11.5	29
55.5	12.0	140
55.5	12.5	6296
55.5	13.0	702
55.5	13.5	1
55.5	14.0	3
55.5	21.0	404
55.5	21.5	5
55.5	23.5	36
55.5	24.5	33
55.5	25.0	1
55.5	28.5	4
55.5	29.0	1
55.5	31.5	2
55.5	35.0	2
55.5	36.0	3
55.5	36.5	30
55.5	37.0	23
55.5	37.5	1152
55.5	38.0	2248
55.5	38.5	93
55.5	39.0	6
55.5	39.5	12
55.5	40.5	7
55.5	42.0	168
55.5	44.0	32
55.5	45.5	1
55.5	47.5	3
55.5	50.5	8
55.5	52.0	7
55.5	55.5	5
55.5	60.5	14
55.5	61.0	3
55.5	65.5	41
55.5	85.0	1
55.5	85.5	1
55.5	86.0	633
55.5	86.5	1
55.5	89.0	3
55.5	109.5	2
56.0	-5.0	16
56.0	-4.5	618
56.0	-4.0	105
56.0	-3.5	168
56.0	-3.0	788
56.0	9.0	42
56.0	9.5	13
56.0	10.0	137
56.0	10.5	8
56.0	12.0	8
56.0	12.5	258
56.0	13.0	69
56.0	13.5	2
56.0	14.0	3
56.0	15.0	4
56.0	15.5	218
56.0	21.0	79
56.0	23.5	64
56.0	24.0	1123
56.0	24.5	1
56.0	25.0	1
56.0	25.5	7
56.0	26.5	6
56.0	36.0	33
56.0	37.0	7875
56.0	37.5	117796
56.0	38.0	2771
56.0	38.5	667
56.0	39.0	20
56.0	39.5	1
56.0	40.0	36
56.0	40.5	731
56.0	42.0	1
56.0	43.0	25
56.0	43.5	48
56.0	44.0	19
56.0	47.5	652
56.0	48.5	1
56.0	49.0	3673
56.0	52.0	26
56.0	53.5	52
56.0	54.0	3
56.0	54.5	22
56.0	60.0	1
56.0	60.5	5
56.0	61.0	122
56.0	63.5	20
56.0	64.5	3
56.0	69.5	25
56.0	85.5	1
56.0	92.5	1
56.0	93.0	2414
56.0	93.5	1
56.0	94.5	9
56.0	95.0	681
56.0	95.5	10
56.0	101.5	16
56.5	-111.5	25
56.5	-5.5	4
56.5	-3.5	29
56.5	-3.0	256
56.5	-2.5	50
56.5	9.0	2
56.5	9.5	3
56.5	10.0	7
56.5	10.5	1
56.5	13.0	224
56.5	14.0	2
56.5	16.0	2
56.5	16.5	549
56.5	21.0	3
56.5	22.0	7
56.5	22.5	1
56.5	23.5	42
56.5	24.0	4
56.5	26.0	1
56.5	27.5	9
56.5	30.5	1
56.5	36.5	53
56.5	37.0	92
56.5	37.5	28
56.5	38.0	6
56.5	38.5	44
56.5	39.0	9
56.5	41.5	1079
56.5	43.5	2
56.5	44.0	5861
56.5	44.5	3
56.5	46.5	4
56.5	48.0	246
56.5	51.5	2
56.5	53.0	2
56.5	54.0	1
56.5	58.0	34
56.5	60.0	12
56.5	61.0	3
56.5	61.5	3
56.5	62.0	23
56.5	85.0	11443
56.5	85.5	13
56.5	90.5	27
56.5	92.0	661
56.5	93.5	71
57.0	-4.0	1
57.0	-3.0	1
57.0	-2.0	54
57.0	8.5	1
57.0	9.5	12
57.0	10.0	1426
57.0	14.0	4
57.0	15.0	284
57.0	22.0	2
57.0	22.5	2
57.0	23.0	8
57.0	23.5	18
57.0	24.0	3329
57.0	24.5	9
57.0	25.0	529
57.0	35.5	1
57.0	36.0	277
57.0	37.5	4
57.0	39.5	105
57.0	40.5	2
57.0	41.0	601
57.0	41.5	2
57.0	53.0	1158
57.0	54.0	2
57.0	60.0	37
57.0	60.5	4026
57.0	61.5	1
57.0	64.5	11
57.0	65.5	537
57.0	106.0	1
57.5	-4.0	14
57.5	-3.5	37
57.5	-2.5	2
57.5	-2.0	45
57.5	10.0	2
57.5	10.5	3
57.5	11.5	1
57.5	12.0	665
57.5	13.0	7
57.5	13.5	3
57.5	14.0	1
57.5	18.5	1
57.5	21.5	13
57.5	25.5	14
57.5	27.0	1
57.5	38.5	3
57.5	40.0	602
57.5	42.0	5
57.5	51.5	43
57.5	57.0	1
57.5	60.0	10
57.5	61.0	6
57.5	63.0	2
58.0	7.0	2
58.0	8.0	8
58.0	11.5	6
58.0	12.0	3
58.0	12.5	7
58.0	13.5	4
58.0	14.0	64
58.0	15.0	3
58.0	15.5	7
58.0	16.0	2
58.0	26.5	1
58.0	27.0	2
58.0	28.5	35
58.0	31.5	1
58.0	33.0	3
58.0	38.5	72
58.0	39.0	37
58.0	39.5	18
58.0	41.0	46
58.0	51.5	1
58.0	52.5	1
58.0	56.0	1
58.0	56.5	1181
58.0	58.0	3
58.0	60.0	52
58.0	60.5	3
58.0	68.5	3
58.0	92.5	12
58.0	102.5	3
58.5	-134.5	1
58.5	5.5	4
58.5	8.0	53
58.5	8.5	26
58.5	12.0	3
58.5	12.5	105
58.5	13.5	5
58.5	14.0	19
58.5	15.0	3
58.5	15.5	107
58.5	16.0	18
58.5	16.5	1
58.5	24.5	3
58.5	25.5	6
58.5	26.5	173
58.5	27.0	1
58.5	31.5	382
58.5	38.0	4
58.5	48.5	1
58.5	49.5	1118
58.5	50.0	19
58.5	58.0	1
58.5	60.0	1
58.5	68.0	5
58.5	83.0	1
59.0	-3.0	2
59.0	5.5	98
59.0	6.5	1
59.0	9.0	1
59.0	9.5	70
59.0	10.0	21
59.0	10.5	1
59.0	11.0	8
59.0	11.5	11
59.0	14.5	3
59.0	17.0	1
59.0	17.5	5
59.0	18.0	55
59.0	23.5	1
59.0	25.0	4
59.0	26.0	109
59.0	28.0	2
59.0	37.0	7
59.0	38.0	138
59.0	40.0	222
59.0	50.0	22
59.5	5.5	28
59.5	9.0	1
59.5	9.5	142
59.5	10.0	17
59.5	10.5	68
59.5	11.0	47
59.5	13.0	13
59.5	13.5	552
59.5	15.0	78
59.5	16.0	5
59.5	16.5	490
59.5	17.0	16
59.5	17.5	1
59.5	18.0	6768
59.5	18.5	107
59.5	24.5	2
59.5	25.0	805
59.5	27.5	1
59.5	28.0	8
59.5	28.5	2
59.5	30.0	60
59.5	30.5	1068
59.5	31.0	23
59.5	32.0	5
59.5	33.5	7
59.5	35.0	27
59.5	51.0	9
59.5	57.0	1
59.5	60.5	1
60.0	5.0	22
60.0	9.5	13
60.0	10.0	1
60.0	10.5	151
60.0	11.0	2720
60.0	15.5	5
60.0	16.5	11
60.0	17.0	1
60.0	17.5	309
60.0	18.5	30
60.0	20.0	4
60.0	24.5	546
60.0	25.0	1707
60.0	29.5	17
60.0	30.0	4351
60.0	30.5	44773
60.0	31.0	15
60.0	32.5	4
60.0	43.0	1
60.0	60.0	1
60.5	-151.0	3
60.5	-135.0	32
60.5	5.0	4
60.5	5.5	230
60.5	6.5	3
60.5	12.0	1
60.5	15.5	174
60.5	16.0	4
60.5	17.0	24
60.5	22.0	1
60.5	22.5	189
60.5	24.0	4
60.5	25.0	127
60.5	25.5	20
60.5	27.0	9
60.5	29.0	28
60.5	30.5	13
60.5	77.5	3
61.0	-150.0	58
61.0	5.5	21
61.0	6.0	5
61.0	8.5	16
61.0	9.5	1
61.0	10.5	29
61.0	11.0	4
61.0	21.5	35
61.0	24.5	92
61.0	25.5	41
61.0	26.5	4
61.0	28.0	262
61.0	30.0	2
61.0	69.0	4
61.0	72.5	1
61.0	76.5	13
61.5	6.0	1
61.5	16.0	1
61.5	16.5	1
61.5	22.0	1
61.5	24.0	293
61.5	27.5	10
61.5	30.5	1
61.5	33.5	4
61.5	34.5	3
61.5	46.5	1
61.5	47.0	1
61.5	51.0	190
61.5	73.5	45
62.0	-7.0	3
62.0	5.0	3
62.0	5.5	1
62.0	6.0	2
62.0	25.5	38
62.0	29.5	1
62.0	32.5	2
62.0	34.5	687
62.0	65.5	1
62.0	73.0	1
62.0	129.5	144
62.5	-114.5	8
62.5	6.0	63
62.5	7.0	35
62.5	17.5	56
62.5	30.0	28
62.5	74.5	1
63.0	14.5	9
63.0	21.5	13
63.0	23.0	3
63.0	27.5	38
63.0	34.5	2
63.0	75.5	1
63.5	10.5	1207
63.5	18.5	46
63.5	22.5	16
63.5	53.5	2
63.5	54.0	4
64.0	-22.5	8
64.0	-22.0	92
64.0	11.0	3
64.0	20.5	97
64.5	11.5	6
64.5	12.0	1
64.5	40.0	24
64.5	40.5	86
65.0	-147.5	10
65.0	-18.0	1
65.0	25.5	968
65.0	77.0	1
65.5	16.5	1
65.5	22.0	952
65.5	24.5	3
66.0	21.5	2
66.0	24.0	848
66.0	51.5	1
66.0	76.5	3
66.5	25.5	12
67.5	14.5	2
67.5	30.5	1
67.5	33.5	105
67.5	64.0	1
68.0	20.0	21
68.0	33.0	8
68.5	17.5	5
69.0	23.0	1
69.0	31.5	1
69.0	33.0	5
69.0	33.5	2
69.5	19.0	48
69.5	25.5	3
69.5	88.0	25
70.0	23.5	2
